<?xml version="1.0" encoding="utf-8"?>
<?xml-stylesheet href="http://www.osgi.org/www/obr2html.xsl" type="text/xsl"?>
<repository increment="1530607231366" name="Liferay CE Foundation - Liferay CE Portal Configuration - Impl" xmlns="http://www.osgi.org/xmlns/repository/v1.0.0">
  <resource>
    <capability namespace="osgi.identity">
      <attribute name="osgi.identity" value="com.liferay.portal.configuration.cluster"/>
      <attribute name="type" value="osgi.bundle"/>
      <attribute name="version" type="Version" value="4.0.0"/>
    </capability>
    <capability namespace="osgi.content">
      <attribute name="osgi.content" value="00262feb049f84c21e337e09bbf4e933e36378be1ecc9e18f39ba6ea2ddc03c0"/>
      <attribute name="url" value="com.liferay.portal.configuration.cluster-4.0.0.jar"/>
      <attribute name="size" type="Long" value="12048"/>
      <attribute name="mime" value="application/vnd.osgi.bundle"/>
    </capability>
    <capability namespace="osgi.wiring.bundle">
      <attribute name="osgi.wiring.bundle" value="com.liferay.portal.configuration.cluster"/>
      <attribute name="bundle-version" type="Version" value="4.0.0"/>
    </capability>
    <capability namespace="osgi.wiring.host">
      <attribute name="osgi.wiring.host" value="com.liferay.portal.configuration.cluster"/>
      <attribute name="bundle-version" type="Version" value="4.0.0"/>
    </capability>
    <capability namespace="osgi.service">
      <attribute name="objectClass" type="List&lt;String&gt;" value="com.liferay.portal.kernel.messaging.MessageListener"/>
    </capability>
    <capability namespace="osgi.service">
      <attribute name="objectClass" type="List&lt;String&gt;" value="org.osgi.service.cm.SynchronousConfigurationListener"/>
    </capability>
    <capability namespace="osgi.service">
      <attribute name="objectClass" type="List&lt;String&gt;" value="org.osgi.service.cm.SynchronousConfigurationListener"/>
      <directive name="uses" value="org.osgi.service.cm"/>
    </capability>
    <capability namespace="osgi.service">
      <attribute name="objectClass" type="List&lt;String&gt;" value="com.liferay.portal.kernel.messaging.MessageListener"/>
      <attribute name="destination.name" value="liferay/configuration"/>
      <directive name="uses" value="com.liferay.portal.kernel.messaging"/>
    </capability>
    <requirement namespace="osgi.wiring.package">
      <directive name="filter" value="(&amp;(osgi.wiring.package=com.liferay.petra.lang)(version&gt;=1.1.0)(!(version&gt;=2.0.0)))"/>
    </requirement>
    <requirement namespace="osgi.wiring.package">
      <directive name="filter" value="(&amp;(osgi.wiring.package=com.liferay.portal.configuration.persistence)(version&gt;=1.0.0)(!(version&gt;=2.0.0)))"/>
    </requirement>
    <requirement namespace="osgi.wiring.package">
      <directive name="filter" value="(&amp;(osgi.wiring.package=com.liferay.portal.kernel.cluster)(version&gt;=7.0.0)(!(version&gt;=8.0.0)))"/>
    </requirement>
    <requirement namespace="osgi.wiring.package">
      <directive name="filter" value="(&amp;(osgi.wiring.package=com.liferay.portal.kernel.messaging)(version&gt;=8.0.0)(!(version&gt;=9.0.0)))"/>
    </requirement>
    <requirement namespace="osgi.wiring.package">
      <directive name="filter" value="(&amp;(osgi.wiring.package=com.liferay.portal.kernel.util)(version&gt;=8.0.0)(!(version&gt;=9.0.0)))"/>
    </requirement>
    <requirement namespace="osgi.wiring.package">
      <directive name="filter" value="(&amp;(osgi.wiring.package=org.osgi.framework)(version&gt;=1.7.0)(!(version&gt;=2.0.0)))"/>
    </requirement>
    <requirement namespace="osgi.wiring.package">
      <directive name="filter" value="(&amp;(osgi.wiring.package=org.osgi.service.cm)(version&gt;=1.5.0)(!(version&gt;=2.0.0)))"/>
    </requirement>
    <requirement namespace="osgi.extender">
      <directive name="filter" value="(&amp;(osgi.extender=osgi.component)(version&gt;=1.3.0)(!(version&gt;=2.0.0)))"/>
    </requirement>
    <requirement namespace="osgi.service">
      <directive name="filter" value="(objectClass=com.liferay.portal.configuration.persistence.ReloadablePersistenceManager)"/>
      <directive name="effective" value="active"/>
    </requirement>
    <requirement namespace="osgi.service">
      <directive name="filter" value="(objectClass=com.liferay.portal.kernel.cluster.ClusterLink)"/>
      <directive name="effective" value="active"/>
    </requirement>
    <requirement namespace="osgi.service">
      <directive name="filter" value="(objectClass=com.liferay.portal.kernel.messaging.Destination)"/>
      <directive name="effective" value="active"/>
    </requirement>
    <requirement namespace="osgi.service">
      <directive name="filter" value="(objectClass=com.liferay.portal.kernel.messaging.DestinationFactory)"/>
      <directive name="effective" value="active"/>
    </requirement>
    <requirement namespace="osgi.service">
      <directive name="filter" value="(objectClass=org.osgi.service.cm.ConfigurationAdmin)"/>
      <directive name="effective" value="active"/>
    </requirement>
    <requirement namespace="osgi.ee">
      <directive name="filter" value="(&amp;(osgi.ee=JavaSE)(version=1.8))"/>
    </requirement>
    <requirement namespace="osgi.service">
      <directive name="filter" value="(objectClass=com.liferay.portal.kernel.cluster.ClusterLink)"/>
      <directive name="effective" value="active"/>
    </requirement>
    <requirement namespace="osgi.service">
      <directive name="filter" value="(objectClass=com.liferay.portal.kernel.messaging.Destination)"/>
      <directive name="effective" value="active"/>
    </requirement>
    <requirement namespace="osgi.service">
      <directive name="filter" value="(objectClass=com.liferay.portal.kernel.messaging.DestinationFactory)"/>
      <directive name="effective" value="active"/>
    </requirement>
    <requirement namespace="osgi.service">
      <directive name="filter" value="(objectClass=org.osgi.service.cm.ConfigurationAdmin)"/>
      <directive name="effective" value="active"/>
    </requirement>
    <requirement namespace="osgi.service">
      <directive name="filter" value="(objectClass=com.liferay.portal.kernel.messaging.Destination)"/>
      <directive name="effective" value="active"/>
    </requirement>
    <requirement namespace="osgi.service">
      <directive name="filter" value="(objectClass=com.liferay.portal.configuration.persistence.ReloadablePersistenceManager)"/>
      <directive name="effective" value="active"/>
    </requirement>
    <requirement namespace="osgi.extender">
      <directive name="filter" value="(&amp;(osgi.extender=osgi.component)(version&gt;=1.3.0)(!(version&gt;=2.0.0)))"/>
      <directive name="effective" value="active"/>
    </requirement>
  </resource>
  <resource>
    <capability namespace="osgi.identity">
      <attribute name="osgi.identity" value="com.liferay.portal.configuration.extender"/>
      <attribute name="type" value="osgi.bundle"/>
      <attribute name="version" type="Version" value="4.0.0"/>
    </capability>
    <capability namespace="osgi.content">
      <attribute name="osgi.content" value="55b9a108ec2f123e9c6525ed4a6a6e4b9182af91bbc44007b8dc0ee3ed8b4dee"/>
      <attribute name="url" value="com.liferay.portal.configuration.extender-4.0.0.jar"/>
      <attribute name="size" type="Long" value="21106"/>
      <attribute name="mime" value="application/vnd.osgi.bundle"/>
    </capability>
    <capability namespace="osgi.wiring.bundle">
      <attribute name="osgi.wiring.bundle" value="com.liferay.portal.configuration.extender"/>
      <attribute name="bundle-version" type="Version" value="4.0.0"/>
    </capability>
    <capability namespace="osgi.wiring.host">
      <attribute name="osgi.wiring.host" value="com.liferay.portal.configuration.extender"/>
      <attribute name="bundle-version" type="Version" value="4.0.0"/>
    </capability>
    <capability namespace="osgi.service">
      <attribute name="objectClass" type="List&lt;String&gt;" value="com.liferay.portal.configuration.extender.internal.ConfigurationDescriptionFactory"/>
    </capability>
    <capability namespace="osgi.service">
      <attribute name="objectClass" type="List&lt;String&gt;" value="com.liferay.portal.configuration.extender.internal.NamedConfigurationContentFactory"/>
    </capability>
    <capability namespace="osgi.service">
      <attribute name="objectClass" type="List&lt;String&gt;" value="com.liferay.portal.configuration.extender.internal.ConfigurationDescriptionFactory"/>
      <directive name="uses" value="com.liferay.portal.configuration.extender.internal"/>
    </capability>
    <capability namespace="osgi.service">
      <attribute name="objectClass" type="List&lt;String&gt;" value="com.liferay.portal.configuration.extender.internal.NamedConfigurationContentFactory"/>
      <directive name="uses" value="com.liferay.portal.configuration.extender.internal"/>
    </capability>
    <requirement namespace="osgi.wiring.package">
      <directive name="filter" value="(&amp;(osgi.wiring.package=com.liferay.osgi.felix.util)(version&gt;=1.0.0)(!(version&gt;=2.0.0)))"/>
    </requirement>
    <requirement namespace="osgi.wiring.package">
      <directive name="filter" value="(&amp;(osgi.wiring.package=com.liferay.portal.kernel.util)(version&gt;=8.0.0)(!(version&gt;=9.0.0)))"/>
    </requirement>
    <requirement namespace="osgi.wiring.package">
      <directive name="filter" value="(&amp;(osgi.wiring.package=org.apache.felix.utils.extender)(version&gt;=1.0.0)(!(version&gt;=2.0.0)))"/>
    </requirement>
    <requirement namespace="osgi.wiring.package">
      <directive name="filter" value="(&amp;(osgi.wiring.package=org.apache.felix.utils.log)(version&gt;=1.0.0)(!(version&gt;=2.0.0)))"/>
    </requirement>
    <requirement namespace="osgi.wiring.package">
      <directive name="filter" value="(&amp;(osgi.wiring.package=org.osgi.framework)(version&gt;=1.8.0)(!(version&gt;=2.0.0)))"/>
    </requirement>
    <requirement namespace="osgi.wiring.package">
      <directive name="filter" value="(&amp;(osgi.wiring.package=org.osgi.service.cm)(version&gt;=1.5.0)(!(version&gt;=2.0.0)))"/>
    </requirement>
    <requirement namespace="osgi.extender">
      <directive name="filter" value="(&amp;(osgi.extender=osgi.component)(version&gt;=1.3.0)(!(version&gt;=2.0.0)))"/>
    </requirement>
    <requirement namespace="osgi.service">
      <directive name="filter" value="(objectClass=com.liferay.portal.configuration.extender.internal.ConfigurationDescriptionFactory)"/>
      <directive name="effective" value="active"/>
      <directive name="cardinality" value="multiple"/>
    </requirement>
    <requirement namespace="osgi.service">
      <directive name="filter" value="(objectClass=com.liferay.portal.configuration.extender.internal.NamedConfigurationContentFactory)"/>
      <directive name="effective" value="active"/>
      <directive name="cardinality" value="multiple"/>
    </requirement>
    <requirement namespace="osgi.service">
      <directive name="filter" value="(objectClass=org.osgi.service.cm.ConfigurationAdmin)"/>
      <directive name="effective" value="active"/>
    </requirement>
    <requirement namespace="osgi.ee">
      <directive name="filter" value="(&amp;(osgi.ee=JavaSE)(version=1.7))"/>
    </requirement>
    <requirement namespace="osgi.service">
      <directive name="filter" value="(objectClass=org.osgi.service.cm.ConfigurationAdmin)"/>
      <directive name="effective" value="active"/>
    </requirement>
    <requirement namespace="osgi.service">
      <directive name="filter" value="(objectClass=com.liferay.portal.configuration.extender.internal.ConfigurationDescriptionFactory)"/>
      <directive name="cardinality" value="multiple"/>
      <directive name="effective" value="active"/>
    </requirement>
    <requirement namespace="osgi.service">
      <directive name="filter" value="(objectClass=com.liferay.portal.configuration.extender.internal.NamedConfigurationContentFactory)"/>
      <directive name="cardinality" value="multiple"/>
      <directive name="effective" value="active"/>
    </requirement>
    <requirement namespace="osgi.extender">
      <directive name="filter" value="(&amp;(osgi.extender=osgi.component)(version&gt;=1.3.0)(!(version&gt;=2.0.0)))"/>
      <directive name="effective" value="active"/>
    </requirement>
  </resource>
  <resource>
    <capability namespace="osgi.identity">
      <attribute name="osgi.identity" value="com.liferay.portal.configuration.metatype.definitions.annotations"/>
      <attribute name="type" value="osgi.bundle"/>
      <attribute name="version" type="Version" value="3.0.0"/>
    </capability>
    <capability namespace="osgi.content">
      <attribute name="osgi.content" value="122f933e5c0e563dbd94aff7b024a37289825534b79d50f13ed84a28b608b647"/>
      <attribute name="url" value="com.liferay.portal.configuration.metatype.definitions.annotations-3.0.0.jar"/>
      <attribute name="size" type="Long" value="9915"/>
      <attribute name="mime" value="application/vnd.osgi.bundle"/>
    </capability>
    <capability namespace="osgi.wiring.bundle">
      <attribute name="osgi.wiring.bundle" value="com.liferay.portal.configuration.metatype.definitions.annotations"/>
      <attribute name="bundle-version" type="Version" value="3.0.0"/>
    </capability>
    <capability namespace="osgi.wiring.host">
      <attribute name="osgi.wiring.host" value="com.liferay.portal.configuration.metatype.definitions.annotations"/>
      <attribute name="bundle-version" type="Version" value="3.0.0"/>
    </capability>
    <capability namespace="osgi.service">
      <attribute name="objectClass" type="List&lt;String&gt;" value="com.liferay.portal.configuration.metatype.definitions.ExtendedMetaTypeService"/>
    </capability>
    <capability namespace="osgi.service">
      <attribute name="objectClass" type="List&lt;String&gt;" value="com.liferay.portal.configuration.metatype.definitions.ExtendedMetaTypeService"/>
      <directive name="uses" value="com.liferay.portal.configuration.metatype.definitions"/>
    </capability>
    <requirement namespace="osgi.wiring.package">
      <directive name="filter" value="(&amp;(osgi.wiring.package=com.liferay.portal.configuration.metatype.annotations)(version&gt;=1.1.0)(!(version&gt;=2.0.0)))"/>
    </requirement>
    <requirement namespace="osgi.wiring.package">
      <directive name="filter" value="(&amp;(osgi.wiring.package=com.liferay.portal.configuration.metatype.definitions)(version&gt;=1.0.0)(!(version&gt;=2.0.0)))"/>
    </requirement>
    <requirement namespace="osgi.wiring.package">
      <directive name="filter" value="(&amp;(osgi.wiring.package=org.osgi.framework)(version&gt;=1.7.0)(!(version&gt;=2.0.0)))"/>
    </requirement>
    <requirement namespace="osgi.wiring.package">
      <directive name="filter" value="(&amp;(osgi.wiring.package=org.osgi.framework.wiring)(version&gt;=1.1.0)(!(version&gt;=2.0.0)))"/>
    </requirement>
    <requirement namespace="osgi.wiring.package">
      <directive name="filter" value="(&amp;(osgi.wiring.package=org.osgi.service.metatype)(version&gt;=1.3.0)(!(version&gt;=2.0.0)))"/>
    </requirement>
    <requirement namespace="osgi.extender">
      <directive name="filter" value="(&amp;(osgi.extender=osgi.component)(version&gt;=1.3.0)(!(version&gt;=2.0.0)))"/>
    </requirement>
    <requirement namespace="osgi.service">
      <directive name="filter" value="(objectClass=org.osgi.service.metatype.MetaTypeService)"/>
      <directive name="effective" value="active"/>
    </requirement>
    <requirement namespace="osgi.ee">
      <directive name="filter" value="(&amp;(osgi.ee=JavaSE)(version=1.7))"/>
    </requirement>
    <requirement namespace="osgi.service">
      <directive name="filter" value="(objectClass=org.osgi.service.metatype.MetaTypeService)"/>
      <directive name="effective" value="active"/>
    </requirement>
    <requirement namespace="osgi.extender">
      <directive name="filter" value="(&amp;(osgi.extender=osgi.component)(version&gt;=1.3.0)(!(version&gt;=2.0.0)))"/>
      <directive name="effective" value="active"/>
    </requirement>
  </resource>
  <resource>
    <capability namespace="osgi.identity">
      <attribute name="osgi.identity" value="com.liferay.portal.configuration.metatype.definitions.equinox"/>
      <attribute name="type" value="osgi.bundle"/>
      <attribute name="version" type="Version" value="3.0.0"/>
    </capability>
    <capability namespace="osgi.content">
      <attribute name="osgi.content" value="bdbf8e55d4c6362c8ea511bff314ae87570aa314222ca90b7093236e408c204f"/>
      <attribute name="url" value="com.liferay.portal.configuration.metatype.definitions.equinox-3.0.0.jar"/>
      <attribute name="size" type="Long" value="8182"/>
      <attribute name="mime" value="application/vnd.osgi.bundle"/>
    </capability>
    <capability namespace="osgi.wiring.bundle">
      <attribute name="osgi.wiring.bundle" value="com.liferay.portal.configuration.metatype.definitions.equinox"/>
      <attribute name="bundle-version" type="Version" value="3.0.0"/>
    </capability>
    <capability namespace="osgi.wiring.host">
      <attribute name="osgi.wiring.host" value="com.liferay.portal.configuration.metatype.definitions.equinox"/>
      <attribute name="bundle-version" type="Version" value="3.0.0"/>
    </capability>
    <requirement namespace="osgi.wiring.package">
      <directive name="filter" value="(&amp;(osgi.wiring.package=com.liferay.portal.configuration.metatype.definitions)(version&gt;=1.0.0)(!(version&gt;=2.0.0)))"/>
    </requirement>
    <requirement namespace="osgi.wiring.package">
      <directive name="filter" value="(&amp;(osgi.wiring.package=org.eclipse.equinox.metatype)(version&gt;=1.3.0)(!(version&gt;=2.0.0)))"/>
    </requirement>
    <requirement namespace="osgi.wiring.package">
      <directive name="filter" value="(&amp;(osgi.wiring.package=org.osgi.framework)(version&gt;=1.7.0)(!(version&gt;=2.0.0)))"/>
    </requirement>
    <requirement namespace="osgi.wiring.package">
      <directive name="filter" value="(&amp;(osgi.wiring.package=org.osgi.service.metatype)(version&gt;=1.3.0)(!(version&gt;=2.0.0)))"/>
    </requirement>
    <requirement namespace="osgi.ee">
      <directive name="filter" value="(&amp;(osgi.ee=JavaSE)(version=1.7))"/>
    </requirement>
  </resource>
  <resource>
    <capability namespace="osgi.identity">
      <attribute name="osgi.identity" value="com.liferay.portal.configuration.module.configuration"/>
      <attribute name="type" value="osgi.bundle"/>
      <attribute name="version" type="Version" value="3.0.2"/>
    </capability>
    <capability namespace="osgi.content">
      <attribute name="osgi.content" value="d7feb87f26d5433b147ba846b920df64dc161020beb97a4b047d3eca43a39c7d"/>
      <attribute name="url" value="com.liferay.portal.configuration.module.configuration-3.0.2.jar"/>
      <attribute name="size" type="Long" value="12767"/>
      <attribute name="mime" value="application/vnd.osgi.bundle"/>
    </capability>
    <capability namespace="osgi.wiring.bundle">
      <attribute name="osgi.wiring.bundle" value="com.liferay.portal.configuration.module.configuration"/>
      <attribute name="bundle-version" type="Version" value="3.0.2"/>
    </capability>
    <capability namespace="osgi.wiring.host">
      <attribute name="osgi.wiring.host" value="com.liferay.portal.configuration.module.configuration"/>
      <attribute name="bundle-version" type="Version" value="3.0.2"/>
    </capability>
    <capability namespace="osgi.service">
      <attribute name="objectClass" type="List&lt;String&gt;" value="com.liferay.portal.kernel.module.configuration.ConfigurationProvider"/>
    </capability>
    <capability namespace="osgi.service">
      <attribute name="objectClass" type="List&lt;String&gt;" value="com.liferay.portal.kernel.module.configuration.ConfigurationProvider"/>
      <directive name="uses" value="com.liferay.portal.kernel.module.configuration"/>
    </capability>
    <requirement namespace="osgi.wiring.package">
      <directive name="filter" value="(&amp;(osgi.wiring.package=aQute.bnd.annotation.metatype)(version&gt;=1.45.0)(!(version&gt;=2.0.0)))"/>
    </requirement>
    <requirement namespace="osgi.wiring.package">
      <directive name="filter" value="(&amp;(osgi.wiring.package=com.liferay.petra.concurrent)(version&gt;=1.2.0)(!(version&gt;=2.0.0)))"/>
    </requirement>
    <requirement namespace="osgi.wiring.package">
      <directive name="filter" value="(&amp;(osgi.wiring.package=com.liferay.petra.memory)(version&gt;=1.0.0)(!(version&gt;=2.0.0)))"/>
    </requirement>
    <requirement namespace="osgi.wiring.package">
      <directive name="filter" value="(&amp;(osgi.wiring.package=com.liferay.portal.configuration.metatype.annotations)(version&gt;=1.1.0)(!(version&gt;=2.0.0)))"/>
    </requirement>
    <requirement namespace="osgi.wiring.package">
      <directive name="filter" value="(&amp;(osgi.wiring.package=com.liferay.portal.configuration.metatype.util)(version&gt;=1.1.0)(!(version&gt;=2.0.0)))"/>
    </requirement>
    <requirement namespace="osgi.wiring.package">
      <directive name="filter" value="(&amp;(osgi.wiring.package=com.liferay.portal.kernel.model)(version&gt;=2.0.0)(!(version&gt;=3.0.0)))"/>
    </requirement>
    <requirement namespace="osgi.wiring.package">
      <directive name="filter" value="(&amp;(osgi.wiring.package=com.liferay.portal.kernel.module.configuration)(version&gt;=1.3.0)(!(version&gt;=1.4.0)))"/>
    </requirement>
    <requirement namespace="osgi.wiring.package">
      <directive name="filter" value="(&amp;(osgi.wiring.package=com.liferay.portal.kernel.settings)(version&gt;=1.3.0)(!(version&gt;=2.0.0)))"/>
    </requirement>
    <requirement namespace="osgi.wiring.package">
      <directive name="filter" value="(&amp;(osgi.wiring.package=com.liferay.portal.kernel.util)(version&gt;=8.0.0)(!(version&gt;=9.0.0)))"/>
    </requirement>
    <requirement namespace="osgi.wiring.package">
      <directive name="filter" value="(&amp;(osgi.wiring.package=org.osgi.framework)(version&gt;=1.7.0)(!(version&gt;=2.0.0)))"/>
    </requirement>
    <requirement namespace="osgi.wiring.package">
      <directive name="filter" value="(&amp;(osgi.wiring.package=org.osgi.service.cm)(version&gt;=1.5.0)(!(version&gt;=2.0.0)))"/>
    </requirement>
    <requirement namespace="osgi.extender">
      <directive name="filter" value="(&amp;(osgi.extender=osgi.component)(version&gt;=1.3.0)(!(version&gt;=2.0.0)))"/>
    </requirement>
    <requirement namespace="osgi.service">
      <directive name="filter" value="(objectClass=com.liferay.portal.kernel.settings.SettingsFactory)"/>
      <directive name="effective" value="active"/>
    </requirement>
    <requirement namespace="osgi.service">
      <directive name="filter" value="(objectClass=org.osgi.service.cm.ConfigurationAdmin)"/>
      <directive name="effective" value="active"/>
    </requirement>
    <requirement namespace="osgi.ee">
      <directive name="filter" value="(&amp;(osgi.ee=JavaSE)(version=1.7))"/>
    </requirement>
    <requirement namespace="osgi.service">
      <directive name="filter" value="(objectClass=org.osgi.service.cm.ConfigurationAdmin)"/>
      <directive name="effective" value="active"/>
    </requirement>
    <requirement namespace="osgi.service">
      <directive name="filter" value="(objectClass=com.liferay.portal.kernel.settings.SettingsFactory)"/>
      <directive name="effective" value="active"/>
    </requirement>
    <requirement namespace="osgi.extender">
      <directive name="filter" value="(&amp;(osgi.extender=osgi.component)(version&gt;=1.3.0)(!(version&gt;=2.0.0)))"/>
      <directive name="effective" value="active"/>
    </requirement>
  </resource>
  <resource>
    <capability namespace="osgi.identity">
      <attribute name="osgi.identity" value="com.liferay.portal.configuration.settings"/>
      <attribute name="type" value="osgi.bundle"/>
      <attribute name="version" type="Version" value="3.0.4"/>
    </capability>
    <capability namespace="osgi.content">
      <attribute name="osgi.content" value="37147bf6b8da534ba2ffccc8c5f54762969cee3f28948aac2bbe2f2e4bebc18c"/>
      <attribute name="url" value="com.liferay.portal.configuration.settings-3.0.4.jar"/>
      <attribute name="size" type="Long" value="36306"/>
      <attribute name="mime" value="application/vnd.osgi.bundle"/>
    </capability>
    <capability namespace="osgi.wiring.bundle">
      <attribute name="osgi.wiring.bundle" value="com.liferay.portal.configuration.settings"/>
      <attribute name="bundle-version" type="Version" value="3.0.4"/>
    </capability>
    <capability namespace="osgi.wiring.host">
      <attribute name="osgi.wiring.host" value="com.liferay.portal.configuration.settings"/>
      <attribute name="bundle-version" type="Version" value="3.0.4"/>
    </capability>
    <capability namespace="osgi.service">
      <attribute name="objectClass" type="List&lt;String&gt;" value="com.liferay.portal.configuration.settings.internal.scoped.configuration.ScopedConfigurationBeanConfigurationListener,org.osgi.service.cm.ConfigurationListener"/>
    </capability>
    <capability namespace="osgi.service">
      <attribute name="objectClass" type="List&lt;String&gt;" value="com.liferay.portal.kernel.settings.SettingsFactory"/>
    </capability>
    <capability namespace="osgi.service">
      <attribute name="objectClass" type="List&lt;String&gt;" value="com.liferay.portal.kernel.settings.SettingsLocatorHelper"/>
    </capability>
    <capability namespace="osgi.service">
      <attribute name="objectClass" type="List&lt;String&gt;" value="com.liferay.portal.kernel.settings.SettingsFactory"/>
      <directive name="uses" value="com.liferay.portal.kernel.settings"/>
    </capability>
    <capability namespace="osgi.service">
      <attribute name="objectClass" type="List&lt;String&gt;" value="com.liferay.portal.kernel.settings.SettingsLocatorHelper"/>
      <directive name="uses" value="com.liferay.portal.kernel.settings"/>
    </capability>
    <capability namespace="osgi.service">
      <attribute name="objectClass" type="List&lt;String&gt;" value="org.osgi.service.cm.ConfigurationListener,com.liferay.portal.configuration.settings.internal.scoped.configuration.ScopedConfigurationBeanConfigurationListener"/>
      <directive name="uses" value="org.osgi.service.cm,com.liferay.portal.configuration.settings.internal.scoped.configuration"/>
    </capability>
    <requirement namespace="osgi.wiring.package">
      <directive name="filter" value="(&amp;(osgi.wiring.package=com.liferay.portal.kernel.settings)(version&gt;=1.2.0)(!(version&gt;=2.0.0)))"/>
    </requirement>
    <requirement namespace="osgi.wiring.package">
      <directive name="filter" value="(&amp;(osgi.wiring.package=aQute.bnd.annotation.metatype)(version&gt;=1.45.0)(!(version&gt;=2.0.0)))"/>
    </requirement>
    <requirement namespace="osgi.wiring.package">
      <directive name="filter" value="(&amp;(osgi.wiring.package=com.liferay.petra.string)(version&gt;=1.3.0)(!(version&gt;=2.0.0)))"/>
    </requirement>
    <requirement namespace="osgi.wiring.package">
      <directive name="filter" value="(&amp;(osgi.wiring.package=com.liferay.portal.configuration.metatype.annotations)(version&gt;=1.1.0)(!(version&gt;=2.0.0)))"/>
    </requirement>
    <requirement namespace="osgi.wiring.package">
      <directive name="filter" value="(&amp;(osgi.wiring.package=com.liferay.portal.configuration.metatype.bnd.util)(version&gt;=2.0.0)(!(version&gt;=3.0.0)))"/>
    </requirement>
    <requirement namespace="osgi.wiring.package">
      <directive name="filter" value="(&amp;(osgi.wiring.package=com.liferay.portal.configuration.metatype.util)(version&gt;=1.1.0)(!(version&gt;=2.0.0)))"/>
    </requirement>
    <requirement namespace="osgi.wiring.package">
      <directive name="filter" value="(&amp;(osgi.wiring.package=com.liferay.portal.kernel.exception)(version&gt;=7.2.0)(!(version&gt;=8.0.0)))"/>
    </requirement>
    <requirement namespace="osgi.wiring.package">
      <directive name="filter" value="(&amp;(osgi.wiring.package=com.liferay.portal.kernel.log)(version&gt;=7.0.0)(!(version&gt;=8.0.0)))"/>
    </requirement>
    <requirement namespace="osgi.wiring.package">
      <directive name="filter" value="(&amp;(osgi.wiring.package=com.liferay.portal.kernel.model)(version&gt;=2.0.0)(!(version&gt;=3.0.0)))"/>
    </requirement>
    <requirement namespace="osgi.wiring.package">
      <directive name="filter" value="(&amp;(osgi.wiring.package=com.liferay.portal.kernel.portlet)(version&gt;=8.0.0)(!(version&gt;=9.0.0)))"/>
    </requirement>
    <requirement namespace="osgi.wiring.package">
      <directive name="filter" value="(&amp;(osgi.wiring.package=com.liferay.portal.kernel.resource.manager)(version&gt;=1.0.0)(!(version&gt;=2.0.0)))"/>
    </requirement>
    <requirement namespace="osgi.wiring.package">
      <directive name="filter" value="(&amp;(osgi.wiring.package=com.liferay.portal.kernel.security.auth)(version&gt;=1.1.0)(!(version&gt;=2.0.0)))"/>
    </requirement>
    <requirement namespace="osgi.wiring.package">
      <directive name="filter" value="(&amp;(osgi.wiring.package=com.liferay.portal.kernel.security.pacl)(version&gt;=6.2.0)(!(version&gt;=7.0.0)))"/>
    </requirement>
    <requirement namespace="osgi.wiring.package">
      <directive name="filter" value="(&amp;(osgi.wiring.package=com.liferay.portal.kernel.service)(version&gt;=1.27.0)(!(version&gt;=2.0.0)))"/>
    </requirement>
    <requirement namespace="osgi.wiring.package">
      <directive name="filter" value="(&amp;(osgi.wiring.package=com.liferay.portal.kernel.settings.definition)(version&gt;=1.0.0)(!(version&gt;=2.0.0)))"/>
    </requirement>
    <requirement namespace="osgi.wiring.package">
      <directive name="filter" value="(&amp;(osgi.wiring.package=com.liferay.portal.kernel.util)(version&gt;=8.0.0)(!(version&gt;=9.0.0)))"/>
    </requirement>
    <requirement namespace="osgi.wiring.package">
      <directive name="filter" value="(&amp;(osgi.wiring.package=com.liferay.portal.util)(version&gt;=2.0.0)(!(version&gt;=3.0.0)))"/>
    </requirement>
    <requirement namespace="osgi.wiring.package">
      <directive name="filter" value="(osgi.wiring.package=javax.portlet)"/>
    </requirement>
    <requirement namespace="osgi.wiring.package">
      <directive name="filter" value="(&amp;(osgi.wiring.package=org.osgi.framework)(version&gt;=1.7.0)(!(version&gt;=2.0.0)))"/>
    </requirement>
    <requirement namespace="osgi.wiring.package">
      <directive name="filter" value="(&amp;(osgi.wiring.package=org.osgi.service.cm)(version&gt;=1.5.0)(!(version&gt;=2.0.0)))"/>
    </requirement>
    <requirement namespace="osgi.wiring.package">
      <directive name="filter" value="(&amp;(osgi.wiring.package=org.osgi.util.tracker)(version&gt;=1.5.0)(!(version&gt;=2.0.0)))"/>
    </requirement>
    <requirement namespace="osgi.extender">
      <directive name="filter" value="(&amp;(osgi.extender=osgi.component)(version&gt;=1.3.0)(!(version&gt;=2.0.0)))"/>
    </requirement>
    <requirement namespace="osgi.service">
      <directive name="filter" value="(objectClass=com.liferay.portal.configuration.settings.internal.scoped.configuration.ScopedConfigurationBeanConfigurationListener)"/>
      <directive name="effective" value="active"/>
    </requirement>
    <requirement namespace="osgi.service">
      <directive name="filter" value="(objectClass=com.liferay.portal.kernel.portlet.PortletPreferencesFactory)"/>
      <directive name="effective" value="active"/>
    </requirement>
    <requirement namespace="osgi.service">
      <directive name="filter" value="(objectClass=com.liferay.portal.kernel.service.GroupLocalService)"/>
      <directive name="effective" value="active"/>
    </requirement>
    <requirement namespace="osgi.service">
      <directive name="filter" value="(objectClass=com.liferay.portal.kernel.service.LayoutLocalService)"/>
      <directive name="effective" value="active"/>
    </requirement>
    <requirement namespace="osgi.service">
      <directive name="filter" value="(objectClass=com.liferay.portal.kernel.service.PortletItemLocalService)"/>
      <directive name="effective" value="active"/>
    </requirement>
    <requirement namespace="osgi.service">
      <directive name="filter" value="(objectClass=com.liferay.portal.kernel.service.PortletLocalService)"/>
      <directive name="effective" value="active"/>
    </requirement>
    <requirement namespace="osgi.service">
      <directive name="filter" value="(objectClass=com.liferay.portal.kernel.service.PortletPreferencesLocalService)"/>
      <directive name="effective" value="active"/>
    </requirement>
    <requirement namespace="osgi.service">
      <directive name="filter" value="(objectClass=com.liferay.portal.kernel.settings.definition.ConfigurationBeanDeclaration)"/>
      <directive name="effective" value="active"/>
      <directive name="resolution" value="optional"/>
      <directive name="cardinality" value="multiple"/>
    </requirement>
    <requirement namespace="osgi.service">
      <directive name="filter" value="(objectClass=com.liferay.portal.kernel.settings.definition.ConfigurationPidMapping)"/>
      <directive name="effective" value="active"/>
      <directive name="resolution" value="optional"/>
      <directive name="cardinality" value="multiple"/>
    </requirement>
    <requirement namespace="osgi.service">
      <directive name="filter" value="(objectClass=com.liferay.portal.kernel.util.Portal)"/>
      <directive name="effective" value="active"/>
    </requirement>
    <requirement namespace="osgi.service">
      <directive name="filter" value="(objectClass=com.liferay.portal.kernel.util.Props)"/>
      <directive name="effective" value="active"/>
    </requirement>
    <requirement namespace="osgi.contract">
      <attribute name="osgi.contract" value="JavaPortlet"/>
      <directive name="filter" value="(&amp;(osgi.contract=JavaPortlet)(version=3.0.0))"/>
    </requirement>
    <requirement namespace="osgi.ee">
      <directive name="filter" value="(&amp;(osgi.ee=JavaSE)(version=1.8))"/>
    </requirement>
    <requirement namespace="osgi.service">
      <directive name="filter" value="(objectClass=com.liferay.portal.kernel.settings.definition.ConfigurationBeanDeclaration)"/>
      <directive name="resolution" value="optional"/>
      <directive name="cardinality" value="multiple"/>
      <directive name="effective" value="active"/>
    </requirement>
    <requirement namespace="osgi.service">
      <directive name="filter" value="(objectClass=com.liferay.portal.kernel.settings.definition.ConfigurationPidMapping)"/>
      <directive name="resolution" value="optional"/>
      <directive name="cardinality" value="multiple"/>
      <directive name="effective" value="active"/>
    </requirement>
    <requirement namespace="osgi.service">
      <directive name="filter" value="(objectClass=com.liferay.portal.kernel.service.GroupLocalService)"/>
      <directive name="effective" value="active"/>
    </requirement>
    <requirement namespace="osgi.service">
      <directive name="filter" value="(objectClass=com.liferay.portal.kernel.service.PortletItemLocalService)"/>
      <directive name="effective" value="active"/>
    </requirement>
    <requirement namespace="osgi.service">
      <directive name="filter" value="(objectClass=com.liferay.portal.kernel.settings.definition.ConfigurationPidMapping)"/>
      <directive name="resolution" value="optional"/>
      <directive name="cardinality" value="multiple"/>
      <directive name="effective" value="active"/>
    </requirement>
    <requirement namespace="osgi.service">
      <directive name="filter" value="(objectClass=com.liferay.portal.kernel.service.GroupLocalService)"/>
      <directive name="effective" value="active"/>
    </requirement>
    <requirement namespace="osgi.service">
      <directive name="filter" value="(objectClass=com.liferay.portal.kernel.service.LayoutLocalService)"/>
      <directive name="effective" value="active"/>
    </requirement>
    <requirement namespace="osgi.service">
      <directive name="filter" value="(objectClass=com.liferay.portal.kernel.util.Portal)"/>
      <directive name="effective" value="active"/>
    </requirement>
    <requirement namespace="osgi.service">
      <directive name="filter" value="(objectClass=com.liferay.portal.kernel.service.PortletLocalService)"/>
      <directive name="effective" value="active"/>
    </requirement>
    <requirement namespace="osgi.service">
      <directive name="filter" value="(objectClass=com.liferay.portal.kernel.portlet.PortletPreferencesFactory)"/>
      <directive name="effective" value="active"/>
    </requirement>
    <requirement namespace="osgi.service">
      <directive name="filter" value="(objectClass=com.liferay.portal.kernel.service.PortletPreferencesLocalService)"/>
      <directive name="effective" value="active"/>
    </requirement>
    <requirement namespace="osgi.service">
      <directive name="filter" value="(objectClass=com.liferay.portal.kernel.util.Props)"/>
      <directive name="effective" value="active"/>
    </requirement>
    <requirement namespace="osgi.service">
      <directive name="filter" value="(objectClass=com.liferay.portal.configuration.settings.internal.scoped.configuration.ScopedConfigurationBeanConfigurationListener)"/>
      <directive name="effective" value="active"/>
    </requirement>
    <requirement namespace="osgi.service">
      <directive name="filter" value="(objectClass=com.liferay.portal.kernel.settings.definition.ConfigurationBeanDeclaration)"/>
      <directive name="resolution" value="optional"/>
      <directive name="cardinality" value="multiple"/>
      <directive name="effective" value="active"/>
    </requirement>
    <requirement namespace="osgi.extender">
      <directive name="filter" value="(&amp;(osgi.extender=osgi.component)(version&gt;=1.3.0)(!(version&gt;=2.0.0)))"/>
      <directive name="effective" value="active"/>
    </requirement>
  </resource>
  <resource>
    <capability namespace="osgi.identity">
      <attribute name="osgi.identity" value="com.liferay.portal.configuration.upgrade.impl"/>
      <attribute name="type" value="osgi.bundle"/>
      <attribute name="version" type="Version" value="1.0.3"/>
    </capability>
    <capability namespace="osgi.content">
      <attribute name="osgi.content" value="2bba87358916da5d77d1bc759802d2035cec4b83914e18f5eca216022b528e1b"/>
      <attribute name="url" value="com.liferay.portal.configuration.upgrade.impl-1.0.3.jar"/>
      <attribute name="size" type="Long" value="8866"/>
      <attribute name="mime" value="application/vnd.osgi.bundle"/>
    </capability>
    <capability namespace="osgi.wiring.bundle">
      <attribute name="osgi.wiring.bundle" value="com.liferay.portal.configuration.upgrade.impl"/>
      <attribute name="bundle-version" type="Version" value="1.0.3"/>
    </capability>
    <capability namespace="osgi.wiring.host">
      <attribute name="osgi.wiring.host" value="com.liferay.portal.configuration.upgrade.impl"/>
      <attribute name="bundle-version" type="Version" value="1.0.3"/>
    </capability>
    <capability namespace="osgi.service">
      <attribute name="objectClass" type="List&lt;String&gt;" value="com.liferay.portal.configuration.upgrade.PrefsPropsToConfigurationUpgradeHelper"/>
    </capability>
    <capability namespace="osgi.service">
      <attribute name="objectClass" type="List&lt;String&gt;" value="com.liferay.portal.configuration.upgrade.PrefsPropsToConfigurationUpgradeHelper"/>
      <directive name="uses" value="com.liferay.portal.configuration.upgrade"/>
    </capability>
    <requirement namespace="osgi.wiring.package">
      <directive name="filter" value="(&amp;(osgi.wiring.package=com.liferay.petra.string)(version&gt;=1.3.0)(!(version&gt;=2.0.0)))"/>
    </requirement>
    <requirement namespace="osgi.wiring.package">
      <directive name="filter" value="(&amp;(osgi.wiring.package=com.liferay.portal.configuration.metatype.bnd.util)(version&gt;=2.0.0)(!(version&gt;=3.0.0)))"/>
    </requirement>
    <requirement namespace="osgi.wiring.package">
      <directive name="filter" value="(&amp;(osgi.wiring.package=com.liferay.portal.configuration.upgrade)(version&gt;=1.1.0)(!(version&gt;=2.0.0)))"/>
    </requirement>
    <requirement namespace="osgi.wiring.package">
      <directive name="filter" value="(&amp;(osgi.wiring.package=com.liferay.portal.kernel.upgrade)(version&gt;=7.6.0)(!(version&gt;=8.0.0)))"/>
    </requirement>
    <requirement namespace="osgi.wiring.package">
      <directive name="filter" value="(&amp;(osgi.wiring.package=com.liferay.portal.kernel.util)(version&gt;=8.0.0)(!(version&gt;=9.0.0)))"/>
    </requirement>
    <requirement namespace="osgi.wiring.package">
      <directive name="filter" value="(osgi.wiring.package=javax.portlet)"/>
    </requirement>
    <requirement namespace="osgi.wiring.package">
      <directive name="filter" value="(&amp;(osgi.wiring.package=org.osgi.service.cm)(version&gt;=1.5.0)(!(version&gt;=2.0.0)))"/>
    </requirement>
    <requirement namespace="osgi.extender">
      <directive name="filter" value="(&amp;(osgi.extender=osgi.component)(version&gt;=1.3.0)(!(version&gt;=2.0.0)))"/>
    </requirement>
    <requirement namespace="osgi.service">
      <directive name="filter" value="(objectClass=com.liferay.portal.kernel.util.PrefsProps)"/>
      <directive name="effective" value="active"/>
    </requirement>
    <requirement namespace="osgi.service">
      <directive name="filter" value="(objectClass=org.osgi.service.cm.ConfigurationAdmin)"/>
      <directive name="effective" value="active"/>
    </requirement>
    <requirement namespace="osgi.contract">
      <attribute name="osgi.contract" value="JavaPortlet"/>
      <directive name="filter" value="(&amp;(osgi.contract=JavaPortlet)(version=3.0.0))"/>
    </requirement>
    <requirement namespace="osgi.ee">
      <directive name="filter" value="(&amp;(osgi.ee=JavaSE)(version=1.7))"/>
    </requirement>
    <requirement namespace="osgi.service">
      <directive name="filter" value="(objectClass=org.osgi.service.cm.ConfigurationAdmin)"/>
      <directive name="effective" value="active"/>
    </requirement>
    <requirement namespace="osgi.service">
      <directive name="filter" value="(objectClass=com.liferay.portal.kernel.util.PrefsProps)"/>
      <directive name="effective" value="active"/>
    </requirement>
    <requirement namespace="osgi.extender">
      <directive name="filter" value="(&amp;(osgi.extender=osgi.component)(version&gt;=1.3.0)(!(version&gt;=2.0.0)))"/>
      <directive name="effective" value="active"/>
    </requirement>
  </resource>
</repository>