<?xml version="1.0" encoding="utf-8"?>
<?xml-stylesheet href="http://www.osgi.org/www/obr2html.xsl" type="text/xsl"?>
<repository increment="1530607230629" name="Liferay CE Foundation - Liferay CE Apio Architect - Impl" xmlns="http://www.osgi.org/xmlns/repository/v1.0.0">
  <resource>
    <capability namespace="osgi.identity">
      <attribute name="osgi.identity" value="com.liferay.apio.architect.exception.mapper.impl"/>
      <attribute name="type" value="osgi.bundle"/>
      <attribute name="version" type="Version" value="1.0.1"/>
    </capability>
    <capability namespace="osgi.content">
      <attribute name="osgi.content" value="0ebf742562ae803a0730cdb811564449fa4609b65d6e005682762690e15a3ee2"/>
      <attribute name="url" value="com.liferay.apio.architect.exception.mapper.impl-1.0.1.jar"/>
      <attribute name="size" type="Long" value="18478"/>
      <attribute name="mime" value="application/vnd.osgi.bundle"/>
    </capability>
    <capability namespace="osgi.wiring.bundle">
      <attribute name="osgi.wiring.bundle" value="com.liferay.apio.architect.exception.mapper.impl"/>
      <attribute name="bundle-version" type="Version" value="1.0.1"/>
    </capability>
    <capability namespace="osgi.wiring.host">
      <attribute name="osgi.wiring.host" value="com.liferay.apio.architect.exception.mapper.impl"/>
      <attribute name="bundle-version" type="Version" value="1.0.1"/>
    </capability>
    <capability namespace="osgi.service">
      <attribute name="objectClass" type="List&lt;String&gt;" value="com.liferay.apio.architect.exception.mapper.ExceptionMapper"/>
    </capability>
    <capability namespace="osgi.service">
      <attribute name="objectClass" type="List&lt;String&gt;" value="com.liferay.apio.architect.exception.mapper.ExceptionMapper"/>
      <directive name="uses" value="com.liferay.apio.architect.exception.mapper"/>
    </capability>
    <capability namespace="osgi.service">
      <attribute name="objectClass" type="List&lt;String&gt;" value="com.liferay.apio.architect.exception.mapper.ExceptionMapper"/>
      <directive name="uses" value="com.liferay.apio.architect.exception.mapper"/>
    </capability>
    <capability namespace="osgi.service">
      <attribute name="objectClass" type="List&lt;String&gt;" value="com.liferay.apio.architect.exception.mapper.ExceptionMapper"/>
      <directive name="uses" value="com.liferay.apio.architect.exception.mapper"/>
    </capability>
    <capability namespace="osgi.service">
      <attribute name="objectClass" type="List&lt;String&gt;" value="com.liferay.apio.architect.exception.mapper.ExceptionMapper"/>
      <directive name="uses" value="com.liferay.apio.architect.exception.mapper"/>
    </capability>
    <capability namespace="osgi.service">
      <attribute name="objectClass" type="List&lt;String&gt;" value="com.liferay.apio.architect.exception.mapper.ExceptionMapper"/>
      <directive name="uses" value="com.liferay.apio.architect.exception.mapper"/>
    </capability>
    <capability namespace="osgi.service">
      <attribute name="objectClass" type="List&lt;String&gt;" value="com.liferay.apio.architect.exception.mapper.ExceptionMapper"/>
      <directive name="uses" value="com.liferay.apio.architect.exception.mapper"/>
    </capability>
    <capability namespace="osgi.service">
      <attribute name="objectClass" type="List&lt;String&gt;" value="com.liferay.apio.architect.exception.mapper.ExceptionMapper"/>
      <directive name="uses" value="com.liferay.apio.architect.exception.mapper"/>
    </capability>
    <capability namespace="osgi.service">
      <attribute name="objectClass" type="List&lt;String&gt;" value="com.liferay.apio.architect.exception.mapper.ExceptionMapper"/>
      <directive name="uses" value="com.liferay.apio.architect.exception.mapper"/>
    </capability>
    <capability namespace="osgi.service">
      <attribute name="objectClass" type="List&lt;String&gt;" value="com.liferay.apio.architect.exception.mapper.ExceptionMapper"/>
      <directive name="uses" value="com.liferay.apio.architect.exception.mapper"/>
    </capability>
    <capability namespace="osgi.service">
      <attribute name="objectClass" type="List&lt;String&gt;" value="com.liferay.apio.architect.exception.mapper.ExceptionMapper"/>
      <directive name="uses" value="com.liferay.apio.architect.exception.mapper"/>
    </capability>
    <requirement namespace="osgi.wiring.package">
      <directive name="filter" value="(&amp;(osgi.wiring.package=com.liferay.apio.architect.error)(version&gt;=1.0.0)(!(version&gt;=2.0.0)))"/>
    </requirement>
    <requirement namespace="osgi.wiring.package">
      <directive name="filter" value="(&amp;(osgi.wiring.package=com.liferay.apio.architect.exception.mapper)(version&gt;=1.0.0)(!(version&gt;=2.0.0)))"/>
    </requirement>
    <requirement namespace="osgi.wiring.package">
      <directive name="filter" value="(&amp;(osgi.wiring.package=javax.ws.rs)(version&gt;=2.1.0)(!(version&gt;=3.0.0)))"/>
    </requirement>
    <requirement namespace="osgi.wiring.package">
      <directive name="filter" value="(&amp;(osgi.wiring.package=javax.ws.rs.core)(version&gt;=2.1.0)(!(version&gt;=3.0.0)))"/>
    </requirement>
    <requirement namespace="osgi.extender">
      <directive name="filter" value="(&amp;(osgi.extender=osgi.component)(version&gt;=1.3.0)(!(version&gt;=2.0.0)))"/>
    </requirement>
    <requirement namespace="osgi.ee">
      <directive name="filter" value="(&amp;(osgi.ee=JavaSE)(version=1.8))"/>
    </requirement>
    <requirement namespace="osgi.extender">
      <directive name="filter" value="(&amp;(osgi.extender=osgi.component)(version&gt;=1.3.0)(!(version&gt;=2.0.0)))"/>
      <directive name="effective" value="active"/>
    </requirement>
  </resource>
  <resource>
    <capability namespace="osgi.identity">
      <attribute name="osgi.identity" value="com.liferay.apio.architect.impl"/>
      <attribute name="type" value="osgi.bundle"/>
      <attribute name="version" type="Version" value="1.0.1"/>
    </capability>
    <capability namespace="osgi.content">
      <attribute name="osgi.content" value="17524811b0d4677d6fe97dc3aab9e6def26556b403bcf12c7f91bf245d052e45"/>
      <attribute name="url" value="com.liferay.apio.architect.impl-1.0.1.jar"/>
      <attribute name="size" type="Long" value="1008815"/>
      <attribute name="mime" value="application/vnd.osgi.bundle"/>
    </capability>
    <capability namespace="osgi.wiring.bundle">
      <attribute name="osgi.wiring.bundle" value="com.liferay.apio.architect.impl"/>
      <attribute name="bundle-version" type="Version" value="1.0.1"/>
    </capability>
    <capability namespace="osgi.wiring.host">
      <attribute name="osgi.wiring.host" value="com.liferay.apio.architect.impl"/>
      <attribute name="bundle-version" type="Version" value="1.0.1"/>
    </capability>
    <capability namespace="osgi.service">
      <attribute name="objectClass" type="List&lt;String&gt;" value="com.liferay.apio.architect.impl.internal.endpoint.RootEndpoint"/>
    </capability>
    <capability namespace="osgi.service">
      <attribute name="objectClass" type="List&lt;String&gt;" value="com.liferay.apio.architect.impl.internal.jaxrs.json.util.ErrorUtil"/>
    </capability>
    <capability namespace="osgi.service">
      <attribute name="objectClass" type="List&lt;String&gt;" value="com.liferay.apio.architect.impl.internal.message.json.DocumentationMessageMapper"/>
    </capability>
    <capability namespace="osgi.service">
      <attribute name="objectClass" type="List&lt;String&gt;" value="com.liferay.apio.architect.impl.internal.message.json.ErrorMessageMapper"/>
    </capability>
    <capability namespace="osgi.service">
      <attribute name="objectClass" type="List&lt;String&gt;" value="com.liferay.apio.architect.impl.internal.message.json.FormMessageMapper"/>
    </capability>
    <capability namespace="osgi.service">
      <attribute name="objectClass" type="List&lt;String&gt;" value="com.liferay.apio.architect.impl.internal.message.json.PageMessageMapper"/>
    </capability>
    <capability namespace="osgi.service">
      <attribute name="objectClass" type="List&lt;String&gt;" value="com.liferay.apio.architect.impl.internal.message.json.SingleModelMessageMapper"/>
    </capability>
    <capability namespace="osgi.service">
      <attribute name="objectClass" type="List&lt;String&gt;" value="com.liferay.apio.architect.impl.internal.wiring.osgi.manager.exception.mapper.ExceptionMapperManager"/>
    </capability>
    <capability namespace="osgi.service">
      <attribute name="objectClass" type="List&lt;String&gt;" value="com.liferay.apio.architect.impl.internal.wiring.osgi.manager.message.json.DocumentationMessageMapperManager"/>
    </capability>
    <capability namespace="osgi.service">
      <attribute name="objectClass" type="List&lt;String&gt;" value="com.liferay.apio.architect.impl.internal.wiring.osgi.manager.message.json.ErrorMessageMapperManager"/>
    </capability>
    <capability namespace="osgi.service">
      <attribute name="objectClass" type="List&lt;String&gt;" value="com.liferay.apio.architect.impl.internal.wiring.osgi.manager.message.json.FormMessageMapperManager"/>
    </capability>
    <capability namespace="osgi.service">
      <attribute name="objectClass" type="List&lt;String&gt;" value="com.liferay.apio.architect.impl.internal.wiring.osgi.manager.message.json.PageMessageMapperManager"/>
    </capability>
    <capability namespace="osgi.service">
      <attribute name="objectClass" type="List&lt;String&gt;" value="com.liferay.apio.architect.impl.internal.wiring.osgi.manager.message.json.SingleModelMessageMapperManager"/>
    </capability>
    <capability namespace="osgi.service">
      <attribute name="objectClass" type="List&lt;String&gt;" value="com.liferay.apio.architect.impl.internal.wiring.osgi.manager.provider.ProviderManager"/>
    </capability>
    <capability namespace="osgi.service">
      <attribute name="objectClass" type="List&lt;String&gt;" value="com.liferay.apio.architect.impl.internal.wiring.osgi.manager.representable.IdentifierClassManager,com.liferay.apio.architect.impl.internal.wiring.osgi.manager.representable.NameManager,com.liferay.apio.architect.impl.internal.wiring.osgi.manager.representable.RepresentableManager"/>
    </capability>
    <capability namespace="osgi.service">
      <attribute name="objectClass" type="List&lt;String&gt;" value="com.liferay.apio.architect.impl.internal.wiring.osgi.manager.router.CollectionRouterManager"/>
    </capability>
    <capability namespace="osgi.service">
      <attribute name="objectClass" type="List&lt;String&gt;" value="com.liferay.apio.architect.impl.internal.wiring.osgi.manager.router.ItemRouterManager"/>
    </capability>
    <capability namespace="osgi.service">
      <attribute name="objectClass" type="List&lt;String&gt;" value="com.liferay.apio.architect.impl.internal.wiring.osgi.manager.router.NestedCollectionRouterManager"/>
    </capability>
    <capability namespace="osgi.service">
      <attribute name="objectClass" type="List&lt;String&gt;" value="com.liferay.apio.architect.impl.internal.wiring.osgi.manager.uri.mapper.PathIdentifierMapperManager"/>
    </capability>
    <capability namespace="osgi.service">
      <attribute name="objectClass" type="List&lt;String&gt;" value="com.liferay.apio.architect.provider.Provider"/>
    </capability>
    <capability namespace="osgi.service">
      <attribute name="objectClass" type="List&lt;String&gt;" value="javax.ws.rs.container.ContainerResponseFilter"/>
    </capability>
    <capability namespace="osgi.service">
      <attribute name="objectClass" type="List&lt;String&gt;" value="javax.ws.rs.core.Application"/>
    </capability>
    <capability namespace="osgi.service">
      <attribute name="objectClass" type="List&lt;String&gt;" value="javax.ws.rs.ext.ExceptionMapper"/>
    </capability>
    <capability namespace="osgi.service">
      <attribute name="objectClass" type="List&lt;String&gt;" value="javax.ws.rs.ext.MessageBodyReader"/>
    </capability>
    <capability namespace="osgi.service">
      <attribute name="objectClass" type="List&lt;String&gt;" value="javax.ws.rs.ext.MessageBodyWriter"/>
    </capability>
    <capability namespace="osgi.service">
      <attribute name="objectClass" type="List&lt;String&gt;" value="javax.ws.rs.core.Application"/>
      <attribute name="osgi.jaxrs.application.base" value="/api"/>
      <attribute name="osgi.jaxrs.name" value="apio-application"/>
      <attribute name="liferay.apio.architect.application" value="true"/>
      <directive name="uses" value="javax.ws.rs.core"/>
    </capability>
    <capability namespace="osgi.service">
      <attribute name="objectClass" type="List&lt;String&gt;" value="com.liferay.apio.architect.impl.internal.endpoint.RootEndpoint"/>
      <directive name="uses" value="com.liferay.apio.architect.impl.internal.endpoint"/>
    </capability>
    <capability namespace="osgi.service">
      <attribute name="objectClass" type="List&lt;String&gt;" value="javax.ws.rs.container.ContainerResponseFilter"/>
      <attribute name="osgi.jaxrs.extension" value="true"/>
      <attribute name="osgi.jaxrs.application.select" value="(liferay.apio.architect.application=true)"/>
      <directive name="uses" value="javax.ws.rs.container"/>
    </capability>
    <capability namespace="osgi.service">
      <attribute name="objectClass" type="List&lt;String&gt;" value="javax.ws.rs.ext.ExceptionMapper"/>
      <attribute name="osgi.jaxrs.extension" value="true"/>
      <attribute name="osgi.jaxrs.application.select" value="(liferay.apio.architect.application=true)"/>
      <directive name="uses" value="javax.ws.rs.ext"/>
    </capability>
    <capability namespace="osgi.service">
      <attribute name="objectClass" type="List&lt;String&gt;" value="javax.ws.rs.ext.MessageBodyReader"/>
      <attribute name="osgi.jaxrs.extension" value="true"/>
      <attribute name="osgi.jaxrs.application.select" value="(liferay.apio.architect.application=true)"/>
      <directive name="uses" value="javax.ws.rs.ext"/>
    </capability>
    <capability namespace="osgi.service">
      <attribute name="objectClass" type="List&lt;String&gt;" value="javax.ws.rs.ext.MessageBodyReader"/>
      <attribute name="osgi.jaxrs.extension" value="true"/>
      <attribute name="osgi.jaxrs.application.select" value="(liferay.apio.architect.application=true)"/>
      <directive name="uses" value="javax.ws.rs.ext"/>
    </capability>
    <capability namespace="osgi.service">
      <attribute name="objectClass" type="List&lt;String&gt;" value="com.liferay.apio.architect.impl.internal.jaxrs.json.util.ErrorUtil"/>
      <directive name="uses" value="com.liferay.apio.architect.impl.internal.jaxrs.json.util"/>
    </capability>
    <capability namespace="osgi.service">
      <attribute name="objectClass" type="List&lt;String&gt;" value="javax.ws.rs.ext.MessageBodyWriter"/>
      <attribute name="osgi.jaxrs.extension" value="true"/>
      <attribute name="osgi.jaxrs.application.select" value="(liferay.apio.architect.application=true)"/>
      <directive name="uses" value="javax.ws.rs.ext"/>
    </capability>
    <capability namespace="osgi.service">
      <attribute name="objectClass" type="List&lt;String&gt;" value="javax.ws.rs.ext.MessageBodyWriter"/>
      <attribute name="osgi.jaxrs.extension" value="true"/>
      <attribute name="osgi.jaxrs.application.select" value="(liferay.apio.architect.application=true)"/>
      <directive name="uses" value="javax.ws.rs.ext"/>
    </capability>
    <capability namespace="osgi.service">
      <attribute name="objectClass" type="List&lt;String&gt;" value="javax.ws.rs.ext.MessageBodyWriter"/>
      <attribute name="osgi.jaxrs.extension" value="true"/>
      <attribute name="osgi.jaxrs.application.select" value="(liferay.apio.architect.application=true)"/>
      <directive name="uses" value="javax.ws.rs.ext"/>
    </capability>
    <capability namespace="osgi.service">
      <attribute name="objectClass" type="List&lt;String&gt;" value="javax.ws.rs.ext.MessageBodyWriter"/>
      <attribute name="osgi.jaxrs.extension" value="true"/>
      <attribute name="osgi.jaxrs.application.select" value="(liferay.apio.architect.application=true)"/>
      <directive name="uses" value="javax.ws.rs.ext"/>
    </capability>
    <capability namespace="osgi.service">
      <attribute name="objectClass" type="List&lt;String&gt;" value="javax.ws.rs.ext.MessageBodyWriter"/>
      <attribute name="osgi.jaxrs.extension" value="true"/>
      <attribute name="osgi.jaxrs.application.select" value="(liferay.apio.architect.application=true)"/>
      <directive name="uses" value="javax.ws.rs.ext"/>
    </capability>
    <capability namespace="osgi.service">
      <attribute name="objectClass" type="List&lt;String&gt;" value="com.liferay.apio.architect.impl.internal.message.json.PageMessageMapper"/>
      <directive name="uses" value="com.liferay.apio.architect.impl.internal.message.json"/>
    </capability>
    <capability namespace="osgi.service">
      <attribute name="objectClass" type="List&lt;String&gt;" value="com.liferay.apio.architect.impl.internal.message.json.SingleModelMessageMapper"/>
      <directive name="uses" value="com.liferay.apio.architect.impl.internal.message.json"/>
    </capability>
    <capability namespace="osgi.service">
      <attribute name="objectClass" type="List&lt;String&gt;" value="com.liferay.apio.architect.impl.internal.message.json.DocumentationMessageMapper"/>
      <directive name="uses" value="com.liferay.apio.architect.impl.internal.message.json"/>
    </capability>
    <capability namespace="osgi.service">
      <attribute name="objectClass" type="List&lt;String&gt;" value="com.liferay.apio.architect.impl.internal.message.json.ErrorMessageMapper"/>
      <directive name="uses" value="com.liferay.apio.architect.impl.internal.message.json"/>
    </capability>
    <capability namespace="osgi.service">
      <attribute name="objectClass" type="List&lt;String&gt;" value="com.liferay.apio.architect.impl.internal.message.json.FormMessageMapper"/>
      <directive name="uses" value="com.liferay.apio.architect.impl.internal.message.json"/>
    </capability>
    <capability namespace="osgi.service">
      <attribute name="objectClass" type="List&lt;String&gt;" value="com.liferay.apio.architect.impl.internal.message.json.PageMessageMapper"/>
      <directive name="uses" value="com.liferay.apio.architect.impl.internal.message.json"/>
    </capability>
    <capability namespace="osgi.service">
      <attribute name="objectClass" type="List&lt;String&gt;" value="com.liferay.apio.architect.impl.internal.message.json.SingleModelMessageMapper"/>
      <directive name="uses" value="com.liferay.apio.architect.impl.internal.message.json"/>
    </capability>
    <capability namespace="osgi.service">
      <attribute name="objectClass" type="List&lt;String&gt;" value="com.liferay.apio.architect.impl.internal.message.json.PageMessageMapper"/>
      <directive name="uses" value="com.liferay.apio.architect.impl.internal.message.json"/>
    </capability>
    <capability namespace="osgi.service">
      <attribute name="objectClass" type="List&lt;String&gt;" value="com.liferay.apio.architect.impl.internal.message.json.SingleModelMessageMapper"/>
      <directive name="uses" value="com.liferay.apio.architect.impl.internal.message.json"/>
    </capability>
    <capability namespace="osgi.service">
      <attribute name="objectClass" type="List&lt;String&gt;" value="com.liferay.apio.architect.impl.internal.message.json.ErrorMessageMapper"/>
      <directive name="uses" value="com.liferay.apio.architect.impl.internal.message.json"/>
    </capability>
    <capability namespace="osgi.service">
      <attribute name="objectClass" type="List&lt;String&gt;" value="com.liferay.apio.architect.provider.Provider"/>
      <directive name="uses" value="com.liferay.apio.architect.provider"/>
    </capability>
    <capability namespace="osgi.service">
      <attribute name="objectClass" type="List&lt;String&gt;" value="com.liferay.apio.architect.provider.Provider"/>
      <directive name="uses" value="com.liferay.apio.architect.provider"/>
    </capability>
    <capability namespace="osgi.service">
      <attribute name="objectClass" type="List&lt;String&gt;" value="com.liferay.apio.architect.provider.Provider"/>
      <directive name="uses" value="com.liferay.apio.architect.provider"/>
    </capability>
    <capability namespace="osgi.service">
      <attribute name="objectClass" type="List&lt;String&gt;" value="com.liferay.apio.architect.provider.Provider"/>
      <directive name="uses" value="com.liferay.apio.architect.provider"/>
    </capability>
    <capability namespace="osgi.service">
      <attribute name="objectClass" type="List&lt;String&gt;" value="com.liferay.apio.architect.provider.Provider"/>
      <directive name="uses" value="com.liferay.apio.architect.provider"/>
    </capability>
    <capability namespace="osgi.service">
      <attribute name="objectClass" type="List&lt;String&gt;" value="com.liferay.apio.architect.impl.internal.wiring.osgi.manager.exception.mapper.ExceptionMapperManager"/>
      <directive name="uses" value="com.liferay.apio.architect.impl.internal.wiring.osgi.manager.exception.mapper"/>
    </capability>
    <capability namespace="osgi.service">
      <attribute name="objectClass" type="List&lt;String&gt;" value="com.liferay.apio.architect.impl.internal.wiring.osgi.manager.message.json.DocumentationMessageMapperManager"/>
      <directive name="uses" value="com.liferay.apio.architect.impl.internal.wiring.osgi.manager.message.json"/>
    </capability>
    <capability namespace="osgi.service">
      <attribute name="objectClass" type="List&lt;String&gt;" value="com.liferay.apio.architect.impl.internal.wiring.osgi.manager.message.json.ErrorMessageMapperManager"/>
      <directive name="uses" value="com.liferay.apio.architect.impl.internal.wiring.osgi.manager.message.json"/>
    </capability>
    <capability namespace="osgi.service">
      <attribute name="objectClass" type="List&lt;String&gt;" value="com.liferay.apio.architect.impl.internal.wiring.osgi.manager.message.json.FormMessageMapperManager"/>
      <directive name="uses" value="com.liferay.apio.architect.impl.internal.wiring.osgi.manager.message.json"/>
    </capability>
    <capability namespace="osgi.service">
      <attribute name="objectClass" type="List&lt;String&gt;" value="com.liferay.apio.architect.impl.internal.wiring.osgi.manager.message.json.PageMessageMapperManager"/>
      <directive name="uses" value="com.liferay.apio.architect.impl.internal.wiring.osgi.manager.message.json"/>
    </capability>
    <capability namespace="osgi.service">
      <attribute name="objectClass" type="List&lt;String&gt;" value="com.liferay.apio.architect.impl.internal.wiring.osgi.manager.message.json.SingleModelMessageMapperManager"/>
      <directive name="uses" value="com.liferay.apio.architect.impl.internal.wiring.osgi.manager.message.json"/>
    </capability>
    <capability namespace="osgi.service">
      <attribute name="objectClass" type="List&lt;String&gt;" value="com.liferay.apio.architect.impl.internal.wiring.osgi.manager.provider.ProviderManager"/>
      <directive name="uses" value="com.liferay.apio.architect.impl.internal.wiring.osgi.manager.provider"/>
    </capability>
    <capability namespace="osgi.service">
      <attribute name="objectClass" type="List&lt;String&gt;" value="com.liferay.apio.architect.impl.internal.wiring.osgi.manager.representable.NameManager,com.liferay.apio.architect.impl.internal.wiring.osgi.manager.representable.IdentifierClassManager,com.liferay.apio.architect.impl.internal.wiring.osgi.manager.representable.RepresentableManager"/>
      <directive name="uses" value="com.liferay.apio.architect.impl.internal.wiring.osgi.manager.representable,com.liferay.apio.architect.impl.internal.wiring.osgi.manager.representable,com.liferay.apio.architect.impl.internal.wiring.osgi.manager.representable"/>
    </capability>
    <capability namespace="osgi.service">
      <attribute name="objectClass" type="List&lt;String&gt;" value="com.liferay.apio.architect.impl.internal.wiring.osgi.manager.router.CollectionRouterManager"/>
      <directive name="uses" value="com.liferay.apio.architect.impl.internal.wiring.osgi.manager.router"/>
    </capability>
    <capability namespace="osgi.service">
      <attribute name="objectClass" type="List&lt;String&gt;" value="com.liferay.apio.architect.impl.internal.wiring.osgi.manager.router.ItemRouterManager"/>
      <directive name="uses" value="com.liferay.apio.architect.impl.internal.wiring.osgi.manager.router"/>
    </capability>
    <capability namespace="osgi.service">
      <attribute name="objectClass" type="List&lt;String&gt;" value="com.liferay.apio.architect.impl.internal.wiring.osgi.manager.router.NestedCollectionRouterManager"/>
      <directive name="uses" value="com.liferay.apio.architect.impl.internal.wiring.osgi.manager.router"/>
    </capability>
    <capability namespace="osgi.service">
      <attribute name="objectClass" type="List&lt;String&gt;" value="com.liferay.apio.architect.impl.internal.wiring.osgi.manager.uri.mapper.PathIdentifierMapperManager"/>
      <directive name="uses" value="com.liferay.apio.architect.impl.internal.wiring.osgi.manager.uri.mapper"/>
    </capability>
    <requirement namespace="osgi.wiring.package">
      <directive name="filter" value="(&amp;(osgi.wiring.package=com.liferay.apio.architect.alias)(version&gt;=1.0.0)(!(version&gt;=2.0.0)))"/>
    </requirement>
    <requirement namespace="osgi.wiring.package">
      <directive name="filter" value="(&amp;(osgi.wiring.package=com.liferay.apio.architect.alias.form)(version&gt;=1.0.0)(!(version&gt;=2.0.0)))"/>
    </requirement>
    <requirement namespace="osgi.wiring.package">
      <directive name="filter" value="(&amp;(osgi.wiring.package=com.liferay.apio.architect.alias.representor)(version&gt;=1.0.0)(!(version&gt;=2.0.0)))"/>
    </requirement>
    <requirement namespace="osgi.wiring.package">
      <directive name="filter" value="(&amp;(osgi.wiring.package=com.liferay.apio.architect.alias.routes)(version&gt;=1.0.0)(!(version&gt;=2.0.0)))"/>
    </requirement>
    <requirement namespace="osgi.wiring.package">
      <directive name="filter" value="(&amp;(osgi.wiring.package=com.liferay.apio.architect.alias.routes.permission)(version&gt;=1.0.0)(!(version&gt;=2.0.0)))"/>
    </requirement>
    <requirement namespace="osgi.wiring.package">
      <directive name="filter" value="(&amp;(osgi.wiring.package=com.liferay.apio.architect.consumer)(version&gt;=1.0.0)(!(version&gt;=2.0.0)))"/>
    </requirement>
    <requirement namespace="osgi.wiring.package">
      <directive name="filter" value="(&amp;(osgi.wiring.package=com.liferay.apio.architect.consumer.throwable)(version&gt;=1.0.0)(!(version&gt;=2.0.0)))"/>
    </requirement>
    <requirement namespace="osgi.wiring.package">
      <directive name="filter" value="(&amp;(osgi.wiring.package=com.liferay.apio.architect.credentials)(version&gt;=1.0.0)(!(version&gt;=2.0.0)))"/>
    </requirement>
    <requirement namespace="osgi.wiring.package">
      <directive name="filter" value="(&amp;(osgi.wiring.package=com.liferay.apio.architect.documentation)(version&gt;=1.0.0)(!(version&gt;=2.0.0)))"/>
    </requirement>
    <requirement namespace="osgi.wiring.package">
      <directive name="filter" value="(&amp;(osgi.wiring.package=com.liferay.apio.architect.error)(version&gt;=1.0.0)(!(version&gt;=2.0.0)))"/>
    </requirement>
    <requirement namespace="osgi.wiring.package">
      <directive name="filter" value="(&amp;(osgi.wiring.package=com.liferay.apio.architect.exception.mapper)(version&gt;=1.0.0)(!(version&gt;=2.0.0)))"/>
    </requirement>
    <requirement namespace="osgi.wiring.package">
      <directive name="filter" value="(&amp;(osgi.wiring.package=com.liferay.apio.architect.file)(version&gt;=1.0.0)(!(version&gt;=2.0.0)))"/>
    </requirement>
    <requirement namespace="osgi.wiring.package">
      <directive name="filter" value="(&amp;(osgi.wiring.package=com.liferay.apio.architect.form)(version&gt;=1.0.0)(!(version&gt;=1.1.0)))"/>
    </requirement>
    <requirement namespace="osgi.wiring.package">
      <directive name="filter" value="(&amp;(osgi.wiring.package=com.liferay.apio.architect.function.throwable)(version&gt;=1.0.0)(!(version&gt;=2.0.0)))"/>
    </requirement>
    <requirement namespace="osgi.wiring.package">
      <directive name="filter" value="(&amp;(osgi.wiring.package=com.liferay.apio.architect.functional)(version&gt;=1.0.0)(!(version&gt;=2.0.0)))"/>
    </requirement>
    <requirement namespace="osgi.wiring.package">
      <directive name="filter" value="(&amp;(osgi.wiring.package=com.liferay.apio.architect.identifier)(version&gt;=1.0.0)(!(version&gt;=2.0.0)))"/>
    </requirement>
    <requirement namespace="osgi.wiring.package">
      <directive name="filter" value="(&amp;(osgi.wiring.package=com.liferay.apio.architect.language)(version&gt;=1.0.0)(!(version&gt;=2.0.0)))"/>
    </requirement>
    <requirement namespace="osgi.wiring.package">
      <directive name="filter" value="(&amp;(osgi.wiring.package=com.liferay.apio.architect.logger)(version&gt;=1.0.0)(!(version&gt;=2.0.0)))"/>
    </requirement>
    <requirement namespace="osgi.wiring.package">
      <directive name="filter" value="(&amp;(osgi.wiring.package=com.liferay.apio.architect.operation)(version&gt;=1.0.0)(!(version&gt;=1.1.0)))"/>
    </requirement>
    <requirement namespace="osgi.wiring.package">
      <directive name="filter" value="(&amp;(osgi.wiring.package=com.liferay.apio.architect.pagination)(version&gt;=1.0.0)(!(version&gt;=1.1.0)))"/>
    </requirement>
    <requirement namespace="osgi.wiring.package">
      <directive name="filter" value="(&amp;(osgi.wiring.package=com.liferay.apio.architect.provider)(version&gt;=1.0.0)(!(version&gt;=2.0.0)))"/>
    </requirement>
    <requirement namespace="osgi.wiring.package">
      <directive name="filter" value="(&amp;(osgi.wiring.package=com.liferay.apio.architect.related)(version&gt;=1.0.0)(!(version&gt;=1.1.0)))"/>
    </requirement>
    <requirement namespace="osgi.wiring.package">
      <directive name="filter" value="(&amp;(osgi.wiring.package=com.liferay.apio.architect.representor)(version&gt;=1.0.0)(!(version&gt;=1.1.0)))"/>
    </requirement>
    <requirement namespace="osgi.wiring.package">
      <directive name="filter" value="(&amp;(osgi.wiring.package=com.liferay.apio.architect.resource)(version&gt;=1.0.0)(!(version&gt;=2.0.0)))"/>
    </requirement>
    <requirement namespace="osgi.wiring.package">
      <directive name="filter" value="(&amp;(osgi.wiring.package=com.liferay.apio.architect.router)(version&gt;=1.0.0)(!(version&gt;=2.0.0)))"/>
    </requirement>
    <requirement namespace="osgi.wiring.package">
      <directive name="filter" value="(&amp;(osgi.wiring.package=com.liferay.apio.architect.routes)(version&gt;=1.0.0)(!(version&gt;=1.1.0)))"/>
    </requirement>
    <requirement namespace="osgi.wiring.package">
      <directive name="filter" value="(&amp;(osgi.wiring.package=com.liferay.apio.architect.single.model)(version&gt;=1.0.0)(!(version&gt;=1.1.0)))"/>
    </requirement>
    <requirement namespace="osgi.wiring.package">
      <directive name="filter" value="(&amp;(osgi.wiring.package=com.liferay.apio.architect.supplier)(version&gt;=1.0.0)(!(version&gt;=2.0.0)))"/>
    </requirement>
    <requirement namespace="osgi.wiring.package">
      <directive name="filter" value="(&amp;(osgi.wiring.package=com.liferay.apio.architect.uri)(version&gt;=1.0.0)(!(version&gt;=2.0.0)))"/>
    </requirement>
    <requirement namespace="osgi.wiring.package">
      <directive name="filter" value="(&amp;(osgi.wiring.package=com.liferay.apio.architect.uri.mapper)(version&gt;=1.0.0)(!(version&gt;=2.0.0)))"/>
    </requirement>
    <requirement namespace="osgi.wiring.package">
      <directive name="filter" value="(&amp;(osgi.wiring.package=javax.servlet)(version&gt;=3.0.0)(!(version&gt;=4.0.0)))"/>
    </requirement>
    <requirement namespace="osgi.wiring.package">
      <directive name="filter" value="(&amp;(osgi.wiring.package=javax.servlet.http)(version&gt;=3.0.0)(!(version&gt;=4.0.0)))"/>
    </requirement>
    <requirement namespace="osgi.wiring.package">
      <directive name="filter" value="(&amp;(osgi.wiring.package=javax.ws.rs)(version&gt;=2.1.0)(!(version&gt;=3.0.0)))"/>
    </requirement>
    <requirement namespace="osgi.wiring.package">
      <directive name="filter" value="(&amp;(osgi.wiring.package=javax.ws.rs.container)(version&gt;=2.1.0)(!(version&gt;=3.0.0)))"/>
    </requirement>
    <requirement namespace="osgi.wiring.package">
      <directive name="filter" value="(&amp;(osgi.wiring.package=javax.ws.rs.core)(version&gt;=2.1.0)(!(version&gt;=3.0.0)))"/>
    </requirement>
    <requirement namespace="osgi.wiring.package">
      <directive name="filter" value="(&amp;(osgi.wiring.package=javax.ws.rs.ext)(version&gt;=2.1.0)(!(version&gt;=3.0.0)))"/>
    </requirement>
    <requirement namespace="osgi.wiring.package">
      <directive name="filter" value="(osgi.wiring.package=javax.xml.namespace)"/>
    </requirement>
    <requirement namespace="osgi.wiring.package">
      <directive name="filter" value="(&amp;(osgi.wiring.package=org.osgi.framework)(version&gt;=1.8.0)(!(version&gt;=2.0.0)))"/>
    </requirement>
    <requirement namespace="osgi.wiring.package">
      <directive name="filter" value="(&amp;(osgi.wiring.package=org.osgi.util.tracker)(version&gt;=1.5.0)(!(version&gt;=2.0.0)))"/>
    </requirement>
    <requirement namespace="osgi.wiring.package">
      <directive name="filter" value="(osgi.wiring.package=org.w3c.dom)"/>
    </requirement>
    <requirement namespace="osgi.extender">
      <directive name="filter" value="(&amp;(osgi.extender=osgi.component)(version&gt;=1.3.0)(!(version&gt;=2.0.0)))"/>
    </requirement>
    <requirement namespace="osgi.service">
      <directive name="filter" value="(objectClass=com.liferay.apio.architect.impl.internal.endpoint.RootEndpoint)"/>
      <directive name="effective" value="active"/>
    </requirement>
    <requirement namespace="osgi.service">
      <directive name="filter" value="(objectClass=com.liferay.apio.architect.impl.internal.jaxrs.json.util.ErrorUtil)"/>
      <directive name="effective" value="active"/>
    </requirement>
    <requirement namespace="osgi.service">
      <directive name="filter" value="(objectClass=com.liferay.apio.architect.impl.internal.wiring.osgi.manager.exception.mapper.ExceptionMapperManager)"/>
      <directive name="effective" value="active"/>
    </requirement>
    <requirement namespace="osgi.service">
      <directive name="filter" value="(objectClass=com.liferay.apio.architect.impl.internal.wiring.osgi.manager.message.json.DocumentationMessageMapperManager)"/>
      <directive name="effective" value="active"/>
    </requirement>
    <requirement namespace="osgi.service">
      <directive name="filter" value="(objectClass=com.liferay.apio.architect.impl.internal.wiring.osgi.manager.message.json.ErrorMessageMapperManager)"/>
      <directive name="effective" value="active"/>
    </requirement>
    <requirement namespace="osgi.service">
      <directive name="filter" value="(objectClass=com.liferay.apio.architect.impl.internal.wiring.osgi.manager.message.json.FormMessageMapperManager)"/>
      <directive name="effective" value="active"/>
    </requirement>
    <requirement namespace="osgi.service">
      <directive name="filter" value="(objectClass=com.liferay.apio.architect.impl.internal.wiring.osgi.manager.message.json.PageMessageMapperManager)"/>
      <directive name="effective" value="active"/>
    </requirement>
    <requirement namespace="osgi.service">
      <directive name="filter" value="(objectClass=com.liferay.apio.architect.impl.internal.wiring.osgi.manager.message.json.SingleModelMessageMapperManager)"/>
      <directive name="effective" value="active"/>
    </requirement>
    <requirement namespace="osgi.service">
      <directive name="filter" value="(objectClass=com.liferay.apio.architect.impl.internal.wiring.osgi.manager.provider.ProviderManager)"/>
      <directive name="effective" value="active"/>
    </requirement>
    <requirement namespace="osgi.service">
      <directive name="filter" value="(objectClass=com.liferay.apio.architect.impl.internal.wiring.osgi.manager.representable.IdentifierClassManager)"/>
      <directive name="effective" value="active"/>
    </requirement>
    <requirement namespace="osgi.service">
      <directive name="filter" value="(objectClass=com.liferay.apio.architect.impl.internal.wiring.osgi.manager.representable.NameManager)"/>
      <directive name="effective" value="active"/>
    </requirement>
    <requirement namespace="osgi.service">
      <directive name="filter" value="(objectClass=com.liferay.apio.architect.impl.internal.wiring.osgi.manager.representable.RepresentableManager)"/>
      <directive name="effective" value="active"/>
    </requirement>
    <requirement namespace="osgi.service">
      <directive name="filter" value="(objectClass=com.liferay.apio.architect.impl.internal.wiring.osgi.manager.router.CollectionRouterManager)"/>
      <directive name="effective" value="active"/>
    </requirement>
    <requirement namespace="osgi.service">
      <directive name="filter" value="(objectClass=com.liferay.apio.architect.impl.internal.wiring.osgi.manager.router.ItemRouterManager)"/>
      <directive name="effective" value="active"/>
    </requirement>
    <requirement namespace="osgi.service">
      <directive name="filter" value="(objectClass=com.liferay.apio.architect.impl.internal.wiring.osgi.manager.router.NestedCollectionRouterManager)"/>
      <directive name="effective" value="active"/>
    </requirement>
    <requirement namespace="osgi.service">
      <directive name="filter" value="(objectClass=com.liferay.apio.architect.impl.internal.wiring.osgi.manager.uri.mapper.PathIdentifierMapperManager)"/>
      <directive name="effective" value="active"/>
    </requirement>
    <requirement namespace="osgi.service">
      <directive name="filter" value="(objectClass=com.liferay.apio.architect.logger.ApioLogger)"/>
      <directive name="effective" value="active"/>
      <directive name="resolution" value="optional"/>
    </requirement>
    <requirement namespace="osgi.ee">
      <directive name="filter" value="(&amp;(osgi.ee=JavaSE)(version=1.8))"/>
    </requirement>
    <requirement namespace="osgi.service">
      <directive name="filter" value="(objectClass=com.liferay.apio.architect.impl.internal.endpoint.RootEndpoint)"/>
      <directive name="effective" value="active"/>
    </requirement>
    <requirement namespace="osgi.service">
      <directive name="filter" value="(objectClass=com.liferay.apio.architect.impl.internal.wiring.osgi.manager.router.CollectionRouterManager)"/>
      <directive name="effective" value="active"/>
    </requirement>
    <requirement namespace="osgi.service">
      <directive name="filter" value="(objectClass=com.liferay.apio.architect.impl.internal.wiring.osgi.manager.representable.IdentifierClassManager)"/>
      <directive name="effective" value="active"/>
    </requirement>
    <requirement namespace="osgi.service">
      <directive name="filter" value="(objectClass=com.liferay.apio.architect.impl.internal.wiring.osgi.manager.router.ItemRouterManager)"/>
      <directive name="effective" value="active"/>
    </requirement>
    <requirement namespace="osgi.service">
      <directive name="filter" value="(objectClass=com.liferay.apio.architect.impl.internal.wiring.osgi.manager.router.NestedCollectionRouterManager)"/>
      <directive name="effective" value="active"/>
    </requirement>
    <requirement namespace="osgi.service">
      <directive name="filter" value="(objectClass=com.liferay.apio.architect.impl.internal.wiring.osgi.manager.uri.mapper.PathIdentifierMapperManager)"/>
      <directive name="effective" value="active"/>
    </requirement>
    <requirement namespace="osgi.service">
      <directive name="filter" value="(objectClass=com.liferay.apio.architect.impl.internal.wiring.osgi.manager.provider.ProviderManager)"/>
      <directive name="effective" value="active"/>
    </requirement>
    <requirement namespace="osgi.service">
      <directive name="filter" value="(objectClass=com.liferay.apio.architect.impl.internal.wiring.osgi.manager.representable.RepresentableManager)"/>
      <directive name="effective" value="active"/>
    </requirement>
    <requirement namespace="osgi.service">
      <directive name="filter" value="(objectClass=com.liferay.apio.architect.impl.internal.jaxrs.json.util.ErrorUtil)"/>
      <directive name="effective" value="active"/>
    </requirement>
    <requirement namespace="osgi.service">
      <directive name="filter" value="(objectClass=com.liferay.apio.architect.impl.internal.jaxrs.json.util.ErrorUtil)"/>
      <directive name="effective" value="active"/>
    </requirement>
    <requirement namespace="osgi.service">
      <directive name="filter" value="(objectClass=com.liferay.apio.architect.logger.ApioLogger)"/>
      <directive name="resolution" value="optional"/>
      <directive name="effective" value="active"/>
    </requirement>
    <requirement namespace="osgi.service">
      <directive name="filter" value="(objectClass=com.liferay.apio.architect.impl.internal.wiring.osgi.manager.message.json.ErrorMessageMapperManager)"/>
      <directive name="effective" value="active"/>
    </requirement>
    <requirement namespace="osgi.service">
      <directive name="filter" value="(objectClass=com.liferay.apio.architect.impl.internal.wiring.osgi.manager.exception.mapper.ExceptionMapperManager)"/>
      <directive name="effective" value="active"/>
    </requirement>
    <requirement namespace="osgi.service">
      <directive name="filter" value="(objectClass=com.liferay.apio.architect.impl.internal.wiring.osgi.manager.message.json.DocumentationMessageMapperManager)"/>
      <directive name="effective" value="active"/>
    </requirement>
    <requirement namespace="osgi.service">
      <directive name="filter" value="(objectClass=com.liferay.apio.architect.impl.internal.wiring.osgi.manager.router.ItemRouterManager)"/>
      <directive name="effective" value="active"/>
    </requirement>
    <requirement namespace="osgi.service">
      <directive name="filter" value="(objectClass=com.liferay.apio.architect.impl.internal.wiring.osgi.manager.representable.NameManager)"/>
      <directive name="effective" value="active"/>
    </requirement>
    <requirement namespace="osgi.service">
      <directive name="filter" value="(objectClass=com.liferay.apio.architect.impl.internal.wiring.osgi.manager.provider.ProviderManager)"/>
      <directive name="effective" value="active"/>
    </requirement>
    <requirement namespace="osgi.service">
      <directive name="filter" value="(objectClass=com.liferay.apio.architect.impl.internal.wiring.osgi.manager.message.json.FormMessageMapperManager)"/>
      <directive name="effective" value="active"/>
    </requirement>
    <requirement namespace="osgi.service">
      <directive name="filter" value="(objectClass=com.liferay.apio.architect.impl.internal.wiring.osgi.manager.router.ItemRouterManager)"/>
      <directive name="effective" value="active"/>
    </requirement>
    <requirement namespace="osgi.service">
      <directive name="filter" value="(objectClass=com.liferay.apio.architect.impl.internal.wiring.osgi.manager.representable.NameManager)"/>
      <directive name="effective" value="active"/>
    </requirement>
    <requirement namespace="osgi.service">
      <directive name="filter" value="(objectClass=com.liferay.apio.architect.impl.internal.wiring.osgi.manager.provider.ProviderManager)"/>
      <directive name="effective" value="active"/>
    </requirement>
    <requirement namespace="osgi.service">
      <directive name="filter" value="(objectClass=com.liferay.apio.architect.impl.internal.wiring.osgi.manager.message.json.PageMessageMapperManager)"/>
      <directive name="effective" value="active"/>
    </requirement>
    <requirement namespace="osgi.service">
      <directive name="filter" value="(objectClass=com.liferay.apio.architect.impl.internal.wiring.osgi.manager.uri.mapper.PathIdentifierMapperManager)"/>
      <directive name="effective" value="active"/>
    </requirement>
    <requirement namespace="osgi.service">
      <directive name="filter" value="(objectClass=com.liferay.apio.architect.impl.internal.wiring.osgi.manager.representable.RepresentableManager)"/>
      <directive name="effective" value="active"/>
    </requirement>
    <requirement namespace="osgi.service">
      <directive name="filter" value="(objectClass=com.liferay.apio.architect.impl.internal.wiring.osgi.manager.router.ItemRouterManager)"/>
      <directive name="effective" value="active"/>
    </requirement>
    <requirement namespace="osgi.service">
      <directive name="filter" value="(objectClass=com.liferay.apio.architect.impl.internal.wiring.osgi.manager.representable.NameManager)"/>
      <directive name="effective" value="active"/>
    </requirement>
    <requirement namespace="osgi.service">
      <directive name="filter" value="(objectClass=com.liferay.apio.architect.impl.internal.wiring.osgi.manager.provider.ProviderManager)"/>
      <directive name="effective" value="active"/>
    </requirement>
    <requirement namespace="osgi.service">
      <directive name="filter" value="(objectClass=com.liferay.apio.architect.impl.internal.wiring.osgi.manager.uri.mapper.PathIdentifierMapperManager)"/>
      <directive name="effective" value="active"/>
    </requirement>
    <requirement namespace="osgi.service">
      <directive name="filter" value="(objectClass=com.liferay.apio.architect.impl.internal.wiring.osgi.manager.representable.RepresentableManager)"/>
      <directive name="effective" value="active"/>
    </requirement>
    <requirement namespace="osgi.service">
      <directive name="filter" value="(objectClass=com.liferay.apio.architect.impl.internal.wiring.osgi.manager.message.json.SingleModelMessageMapperManager)"/>
      <directive name="effective" value="active"/>
    </requirement>
    <requirement namespace="osgi.service">
      <directive name="filter" value="(objectClass=com.liferay.apio.architect.impl.internal.wiring.osgi.manager.router.ItemRouterManager)"/>
      <directive name="effective" value="active"/>
    </requirement>
    <requirement namespace="osgi.service">
      <directive name="filter" value="(objectClass=com.liferay.apio.architect.impl.internal.wiring.osgi.manager.representable.NameManager)"/>
      <directive name="effective" value="active"/>
    </requirement>
    <requirement namespace="osgi.service">
      <directive name="filter" value="(objectClass=com.liferay.apio.architect.impl.internal.wiring.osgi.manager.provider.ProviderManager)"/>
      <directive name="effective" value="active"/>
    </requirement>
    <requirement namespace="osgi.service">
      <directive name="filter" value="(objectClass=com.liferay.apio.architect.impl.internal.wiring.osgi.manager.representable.RepresentableManager)"/>
      <directive name="effective" value="active"/>
    </requirement>
    <requirement namespace="osgi.service">
      <directive name="filter" value="(objectClass=com.liferay.apio.architect.logger.ApioLogger)"/>
      <directive name="resolution" value="optional"/>
      <directive name="effective" value="active"/>
    </requirement>
    <requirement namespace="osgi.service">
      <directive name="filter" value="(objectClass=com.liferay.apio.architect.logger.ApioLogger)"/>
      <directive name="resolution" value="optional"/>
      <directive name="effective" value="active"/>
    </requirement>
    <requirement namespace="osgi.service">
      <directive name="filter" value="(objectClass=com.liferay.apio.architect.logger.ApioLogger)"/>
      <directive name="resolution" value="optional"/>
      <directive name="effective" value="active"/>
    </requirement>
    <requirement namespace="osgi.service">
      <directive name="filter" value="(objectClass=com.liferay.apio.architect.logger.ApioLogger)"/>
      <directive name="resolution" value="optional"/>
      <directive name="effective" value="active"/>
    </requirement>
    <requirement namespace="osgi.service">
      <directive name="filter" value="(objectClass=com.liferay.apio.architect.logger.ApioLogger)"/>
      <directive name="resolution" value="optional"/>
      <directive name="effective" value="active"/>
    </requirement>
    <requirement namespace="osgi.service">
      <directive name="filter" value="(objectClass=com.liferay.apio.architect.logger.ApioLogger)"/>
      <directive name="resolution" value="optional"/>
      <directive name="effective" value="active"/>
    </requirement>
    <requirement namespace="osgi.service">
      <directive name="filter" value="(objectClass=com.liferay.apio.architect.logger.ApioLogger)"/>
      <directive name="resolution" value="optional"/>
      <directive name="effective" value="active"/>
    </requirement>
    <requirement namespace="osgi.service">
      <directive name="filter" value="(objectClass=com.liferay.apio.architect.logger.ApioLogger)"/>
      <directive name="resolution" value="optional"/>
      <directive name="effective" value="active"/>
    </requirement>
    <requirement namespace="osgi.service">
      <directive name="filter" value="(objectClass=com.liferay.apio.architect.impl.internal.wiring.osgi.manager.router.ItemRouterManager)"/>
      <directive name="effective" value="active"/>
    </requirement>
    <requirement namespace="osgi.service">
      <directive name="filter" value="(objectClass=com.liferay.apio.architect.impl.internal.wiring.osgi.manager.representable.NameManager)"/>
      <directive name="effective" value="active"/>
    </requirement>
    <requirement namespace="osgi.service">
      <directive name="filter" value="(objectClass=com.liferay.apio.architect.impl.internal.wiring.osgi.manager.uri.mapper.PathIdentifierMapperManager)"/>
      <directive name="effective" value="active"/>
    </requirement>
    <requirement namespace="osgi.service">
      <directive name="filter" value="(objectClass=com.liferay.apio.architect.impl.internal.wiring.osgi.manager.provider.ProviderManager)"/>
      <directive name="effective" value="active"/>
    </requirement>
    <requirement namespace="osgi.service">
      <directive name="filter" value="(objectClass=com.liferay.apio.architect.logger.ApioLogger)"/>
      <directive name="resolution" value="optional"/>
      <directive name="effective" value="active"/>
    </requirement>
    <requirement namespace="osgi.service">
      <directive name="filter" value="(objectClass=com.liferay.apio.architect.impl.internal.wiring.osgi.manager.representable.NameManager)"/>
      <directive name="effective" value="active"/>
    </requirement>
    <requirement namespace="osgi.service">
      <directive name="filter" value="(objectClass=com.liferay.apio.architect.impl.internal.wiring.osgi.manager.uri.mapper.PathIdentifierMapperManager)"/>
      <directive name="effective" value="active"/>
    </requirement>
    <requirement namespace="osgi.service">
      <directive name="filter" value="(objectClass=com.liferay.apio.architect.impl.internal.wiring.osgi.manager.provider.ProviderManager)"/>
      <directive name="effective" value="active"/>
    </requirement>
    <requirement namespace="osgi.service">
      <directive name="filter" value="(objectClass=com.liferay.apio.architect.logger.ApioLogger)"/>
      <directive name="resolution" value="optional"/>
      <directive name="effective" value="active"/>
    </requirement>
    <requirement namespace="osgi.service">
      <directive name="filter" value="(objectClass=com.liferay.apio.architect.impl.internal.wiring.osgi.manager.router.ItemRouterManager)"/>
      <directive name="effective" value="active"/>
    </requirement>
    <requirement namespace="osgi.service">
      <directive name="filter" value="(objectClass=com.liferay.apio.architect.impl.internal.wiring.osgi.manager.representable.NameManager)"/>
      <directive name="effective" value="active"/>
    </requirement>
    <requirement namespace="osgi.service">
      <directive name="filter" value="(objectClass=com.liferay.apio.architect.impl.internal.wiring.osgi.manager.uri.mapper.PathIdentifierMapperManager)"/>
      <directive name="effective" value="active"/>
    </requirement>
    <requirement namespace="osgi.service">
      <directive name="filter" value="(objectClass=com.liferay.apio.architect.impl.internal.wiring.osgi.manager.provider.ProviderManager)"/>
      <directive name="effective" value="active"/>
    </requirement>
    <requirement namespace="osgi.service">
      <directive name="filter" value="(objectClass=com.liferay.apio.architect.logger.ApioLogger)"/>
      <directive name="resolution" value="optional"/>
      <directive name="effective" value="active"/>
    </requirement>
    <requirement namespace="osgi.service">
      <directive name="filter" value="(objectClass=com.liferay.apio.architect.impl.internal.wiring.osgi.manager.representable.IdentifierClassManager)"/>
      <directive name="effective" value="active"/>
    </requirement>
    <requirement namespace="osgi.service">
      <directive name="filter" value="(objectClass=com.liferay.apio.architect.logger.ApioLogger)"/>
      <directive name="resolution" value="optional"/>
      <directive name="effective" value="active"/>
    </requirement>
    <requirement namespace="osgi.service">
      <directive name="filter" value="(objectClass=com.liferay.apio.architect.logger.ApioLogger)"/>
      <directive name="resolution" value="optional"/>
      <directive name="effective" value="active"/>
    </requirement>
    <requirement namespace="osgi.service">
      <directive name="filter" value="(objectClass=com.liferay.apio.architect.logger.ApioLogger)"/>
      <directive name="resolution" value="optional"/>
      <directive name="effective" value="active"/>
    </requirement>
    <requirement namespace="osgi.service">
      <directive name="filter" value="(objectClass=com.liferay.apio.architect.logger.ApioLogger)"/>
      <directive name="resolution" value="optional"/>
      <directive name="effective" value="active"/>
    </requirement>
    <requirement namespace="osgi.extender">
      <directive name="filter" value="(&amp;(osgi.extender=osgi.component)(version&gt;=1.3.0)(!(version&gt;=2.0.0)))"/>
      <directive name="effective" value="active"/>
    </requirement>
  </resource>
  <resource>
    <capability namespace="osgi.identity">
      <attribute name="osgi.identity" value="com.liferay.apio.architect.uri.mapper.impl"/>
      <attribute name="type" value="osgi.bundle"/>
      <attribute name="version" type="Version" value="1.0.0"/>
    </capability>
    <capability namespace="osgi.content">
      <attribute name="osgi.content" value="1b5875309139be36f2a4244b3bbc61fb2f83c137315c3351e5c44fc71f223c16"/>
      <attribute name="url" value="com.liferay.apio.architect.uri.mapper.impl-1.0.0.jar"/>
      <attribute name="size" type="Long" value="5245"/>
      <attribute name="mime" value="application/vnd.osgi.bundle"/>
    </capability>
    <capability namespace="osgi.wiring.bundle">
      <attribute name="osgi.wiring.bundle" value="com.liferay.apio.architect.uri.mapper.impl"/>
      <attribute name="bundle-version" type="Version" value="1.0.0"/>
    </capability>
    <capability namespace="osgi.wiring.host">
      <attribute name="osgi.wiring.host" value="com.liferay.apio.architect.uri.mapper.impl"/>
      <attribute name="bundle-version" type="Version" value="1.0.0"/>
    </capability>
    <capability namespace="osgi.service">
      <attribute name="objectClass" type="List&lt;String&gt;" value="com.liferay.apio.architect.uri.mapper.PathIdentifierMapper"/>
    </capability>
    <capability namespace="osgi.service">
      <attribute name="objectClass" type="List&lt;String&gt;" value="com.liferay.apio.architect.uri.mapper.PathIdentifierMapper"/>
      <directive name="uses" value="com.liferay.apio.architect.uri.mapper"/>
    </capability>
    <capability namespace="osgi.service">
      <attribute name="objectClass" type="List&lt;String&gt;" value="com.liferay.apio.architect.uri.mapper.PathIdentifierMapper"/>
      <directive name="uses" value="com.liferay.apio.architect.uri.mapper"/>
    </capability>
    <requirement namespace="osgi.wiring.package">
      <directive name="filter" value="(&amp;(osgi.wiring.package=com.liferay.apio.architect.functional)(version&gt;=1.0.0)(!(version&gt;=2.0.0)))"/>
    </requirement>
    <requirement namespace="osgi.wiring.package">
      <directive name="filter" value="(&amp;(osgi.wiring.package=com.liferay.apio.architect.supplier)(version&gt;=1.0.0)(!(version&gt;=2.0.0)))"/>
    </requirement>
    <requirement namespace="osgi.wiring.package">
      <directive name="filter" value="(&amp;(osgi.wiring.package=com.liferay.apio.architect.uri)(version&gt;=1.0.0)(!(version&gt;=2.0.0)))"/>
    </requirement>
    <requirement namespace="osgi.wiring.package">
      <directive name="filter" value="(&amp;(osgi.wiring.package=com.liferay.apio.architect.uri.mapper)(version&gt;=1.0.0)(!(version&gt;=2.0.0)))"/>
    </requirement>
    <requirement namespace="osgi.wiring.package">
      <directive name="filter" value="(&amp;(osgi.wiring.package=javax.ws.rs)(version&gt;=2.1.0)(!(version&gt;=3.0.0)))"/>
    </requirement>
    <requirement namespace="osgi.extender">
      <directive name="filter" value="(&amp;(osgi.extender=osgi.component)(version&gt;=1.3.0)(!(version&gt;=2.0.0)))"/>
    </requirement>
    <requirement namespace="osgi.ee">
      <directive name="filter" value="(&amp;(osgi.ee=JavaSE)(version=1.8))"/>
    </requirement>
    <requirement namespace="osgi.extender">
      <directive name="filter" value="(&amp;(osgi.extender=osgi.component)(version&gt;=1.3.0)(!(version&gt;=2.0.0)))"/>
      <directive name="effective" value="active"/>
    </requirement>
  </resource>
</repository>