<?xml version="1.0" encoding="utf-8"?>
<?xml-stylesheet href="http://www.osgi.org/www/obr2html.xsl" type="text/xsl"?>
<repository increment="1530607231582" name="Liferay CE Foundation - Liferay CE Security Audit - API" xmlns="http://www.osgi.org/xmlns/repository/v1.0.0">
  <resource>
    <capability namespace="osgi.identity">
      <attribute name="osgi.identity" value="com.liferay.portal.security.audit.api"/>
      <attribute name="type" value="osgi.bundle"/>
      <attribute name="version" type="Version" value="3.0.1"/>
    </capability>
    <capability namespace="osgi.content">
      <attribute name="osgi.content" value="a7256217adfddd2e92e0363680ad803679dc0c9decb2f9a35d4130c65cad4004"/>
      <attribute name="url" value="com.liferay.portal.security.audit.api-3.0.1.jar"/>
      <attribute name="size" type="Long" value="20072"/>
      <attribute name="mime" value="application/vnd.osgi.bundle"/>
    </capability>
    <capability namespace="osgi.wiring.bundle">
      <attribute name="osgi.wiring.bundle" value="com.liferay.portal.security.audit.api"/>
      <attribute name="bundle-version" type="Version" value="3.0.1"/>
    </capability>
    <capability namespace="osgi.wiring.host">
      <attribute name="osgi.wiring.host" value="com.liferay.portal.security.audit.api"/>
      <attribute name="bundle-version" type="Version" value="3.0.1"/>
    </capability>
    <capability namespace="osgi.wiring.package">
      <attribute name="osgi.wiring.package" value="com.liferay.portal.security.audit"/>
      <attribute name="version" type="Version" value="2.0.1"/>
      <attribute name="bundle-symbolic-name" value="com.liferay.portal.security.audit.api"/>
      <attribute name="bundle-version" type="Version" value="3.0.1"/>
      <directive name="uses" value="com.liferay.portal.kernel.audit,com.liferay.portal.kernel.messaging.proxy,com.liferay.portal.kernel.util"/>
    </capability>
    <capability namespace="osgi.wiring.package">
      <attribute name="osgi.wiring.package" value="com.liferay.portal.security.audit.configuration"/>
      <attribute name="version" type="Version" value="1.0.4"/>
      <attribute name="bundle-symbolic-name" value="com.liferay.portal.security.audit.api"/>
      <attribute name="bundle-version" type="Version" value="3.0.1"/>
      <directive name="uses" value="aQute.bnd.annotation.metatype,com.liferay.portal.configuration.metatype.annotations"/>
    </capability>
    <capability namespace="osgi.wiring.package">
      <attribute name="osgi.wiring.package" value="com.liferay.portal.security.audit.formatter"/>
      <attribute name="version" type="Version" value="1.0.0"/>
      <attribute name="bundle-symbolic-name" value="com.liferay.portal.security.audit.api"/>
      <attribute name="bundle-version" type="Version" value="3.0.1"/>
      <directive name="uses" value="com.liferay.portal.kernel.audit"/>
    </capability>
    <capability namespace="liferay.resource.bundle">
      <attribute name="bundle.symbolic.name" value="com.liferay.portal.security.audit.api"/>
      <attribute name="resource.bundle.base.name" value="content.Language"/>
    </capability>
    <requirement namespace="osgi.wiring.package">
      <directive name="filter" value="(&amp;(osgi.wiring.package=aQute.bnd.annotation.metatype)(version&gt;=1.45.0)(!(version&gt;=2.0.0)))"/>
    </requirement>
    <requirement namespace="osgi.wiring.package">
      <directive name="filter" value="(&amp;(osgi.wiring.package=com.liferay.portal.configuration.metatype.annotations)(version&gt;=1.1.0)(!(version&gt;=2.0.0)))"/>
    </requirement>
    <requirement namespace="osgi.wiring.package">
      <directive name="filter" value="(&amp;(osgi.wiring.package=com.liferay.portal.kernel.audit)(version&gt;=7.0.0)(!(version&gt;=8.0.0)))"/>
    </requirement>
    <requirement namespace="osgi.wiring.package">
      <directive name="filter" value="(&amp;(osgi.wiring.package=com.liferay.portal.kernel.messaging.proxy)(version&gt;=7.1.0)(!(version&gt;=8.0.0)))"/>
    </requirement>
    <requirement namespace="osgi.wiring.package">
      <directive name="filter" value="(&amp;(osgi.wiring.package=com.liferay.portal.kernel.util)(version&gt;=8.0.0)(!(version&gt;=9.0.0)))"/>
    </requirement>
    <requirement namespace="osgi.ee">
      <directive name="filter" value="(&amp;(osgi.ee=JavaSE)(version=1.7))"/>
    </requirement>
  </resource>
  <resource>
    <capability namespace="osgi.identity">
      <attribute name="osgi.identity" value="com.liferay.portal.security.audit.event.generators.api"/>
      <attribute name="type" value="osgi.bundle"/>
      <attribute name="version" type="Version" value="2.0.0"/>
    </capability>
    <capability namespace="osgi.content">
      <attribute name="osgi.content" value="54e7ab693663b91cfc57d2b3c971a571dd0277e053c6da3907fc0f1a239136dd"/>
      <attribute name="url" value="com.liferay.portal.security.audit.event.generators.api-2.0.0.jar"/>
      <attribute name="size" type="Long" value="8141"/>
      <attribute name="mime" value="application/vnd.osgi.bundle"/>
    </capability>
    <capability namespace="osgi.wiring.bundle">
      <attribute name="osgi.wiring.bundle" value="com.liferay.portal.security.audit.event.generators.api"/>
      <attribute name="bundle-version" type="Version" value="2.0.0"/>
    </capability>
    <capability namespace="osgi.wiring.host">
      <attribute name="osgi.wiring.host" value="com.liferay.portal.security.audit.event.generators.api"/>
      <attribute name="bundle-version" type="Version" value="2.0.0"/>
    </capability>
    <capability namespace="osgi.wiring.package">
      <attribute name="osgi.wiring.package" value="com.liferay.portal.security.audit.event.generators.constants"/>
      <attribute name="version" type="Version" value="1.0.0"/>
      <attribute name="bundle-symbolic-name" value="com.liferay.portal.security.audit.event.generators.api"/>
      <attribute name="bundle-version" type="Version" value="2.0.0"/>
    </capability>
    <capability namespace="osgi.wiring.package">
      <attribute name="osgi.wiring.package" value="com.liferay.portal.security.audit.event.generators.util"/>
      <attribute name="version" type="Version" value="1.0.0"/>
      <attribute name="bundle-symbolic-name" value="com.liferay.portal.security.audit.event.generators.api"/>
      <attribute name="bundle-version" type="Version" value="2.0.0"/>
      <directive name="uses" value="com.liferay.portal.kernel.audit"/>
    </capability>
    <requirement namespace="osgi.wiring.package">
      <directive name="filter" value="(&amp;(osgi.wiring.package=com.liferay.portal.kernel.audit)(version&gt;=7.0.0)(!(version&gt;=8.0.0)))"/>
    </requirement>
    <requirement namespace="osgi.wiring.package">
      <directive name="filter" value="(&amp;(osgi.wiring.package=com.liferay.portal.kernel.bean)(version&gt;=7.1.0)(!(version&gt;=8.0.0)))"/>
    </requirement>
    <requirement namespace="osgi.wiring.package">
      <directive name="filter" value="(&amp;(osgi.wiring.package=com.liferay.portal.kernel.json)(version&gt;=7.0.0)(!(version&gt;=8.0.0)))"/>
    </requirement>
    <requirement namespace="osgi.wiring.package">
      <directive name="filter" value="(&amp;(osgi.wiring.package=com.liferay.portal.kernel.security.auth)(version&gt;=1.1.0)(!(version&gt;=2.0.0)))"/>
    </requirement>
    <requirement namespace="osgi.wiring.package">
      <directive name="filter" value="(&amp;(osgi.wiring.package=com.liferay.portal.kernel.util)(version&gt;=8.0.0)(!(version&gt;=9.0.0)))"/>
    </requirement>
    <requirement namespace="osgi.ee">
      <directive name="filter" value="(&amp;(osgi.ee=JavaSE)(version=1.7))"/>
    </requirement>
  </resource>
  <resource>
    <capability namespace="osgi.identity">
      <attribute name="osgi.identity" value="com.liferay.portal.security.audit.storage.api"/>
      <attribute name="type" value="osgi.bundle"/>
      <attribute name="version" type="Version" value="3.0.0"/>
    </capability>
    <capability namespace="osgi.content">
      <attribute name="osgi.content" value="ea51d6f69ee4b6c5dda02af86461e091dcbd9056cb55abde8627a587cb1a4824"/>
      <attribute name="url" value="com.liferay.portal.security.audit.storage.api-3.0.0.jar"/>
      <attribute name="size" type="Long" value="31202"/>
      <attribute name="mime" value="application/vnd.osgi.bundle"/>
    </capability>
    <capability namespace="osgi.wiring.bundle">
      <attribute name="osgi.wiring.bundle" value="com.liferay.portal.security.audit.storage.api"/>
      <attribute name="bundle-version" type="Version" value="3.0.0"/>
    </capability>
    <capability namespace="osgi.wiring.host">
      <attribute name="osgi.wiring.host" value="com.liferay.portal.security.audit.storage.api"/>
      <attribute name="bundle-version" type="Version" value="3.0.0"/>
    </capability>
    <capability namespace="osgi.wiring.package">
      <attribute name="osgi.wiring.package" value="com.liferay.portal.security.audit.storage.comparator"/>
      <attribute name="version" type="Version" value="1.0.0"/>
      <attribute name="bundle-symbolic-name" value="com.liferay.portal.security.audit.storage.api"/>
      <attribute name="bundle-version" type="Version" value="3.0.0"/>
      <directive name="uses" value="com.liferay.portal.kernel.util"/>
    </capability>
    <capability namespace="osgi.wiring.package">
      <attribute name="osgi.wiring.package" value="com.liferay.portal.security.audit.storage.exception"/>
      <attribute name="version" type="Version" value="1.0.0"/>
      <attribute name="bundle-symbolic-name" value="com.liferay.portal.security.audit.storage.api"/>
      <attribute name="bundle-version" type="Version" value="3.0.0"/>
      <directive name="uses" value="com.liferay.portal.kernel.exception"/>
    </capability>
    <capability namespace="osgi.wiring.package">
      <attribute name="osgi.wiring.package" value="com.liferay.portal.security.audit.storage.model"/>
      <attribute name="version" type="Version" value="1.0.0"/>
      <attribute name="bundle-symbolic-name" value="com.liferay.portal.security.audit.storage.api"/>
      <attribute name="bundle-version" type="Version" value="3.0.0"/>
      <directive name="uses" value="com.liferay.expando.kernel.model,com.liferay.portal.kernel.annotation,com.liferay.portal.kernel.bean,com.liferay.portal.kernel.model,com.liferay.portal.kernel.service,com.liferay.portal.kernel.util"/>
    </capability>
    <capability namespace="osgi.wiring.package">
      <attribute name="osgi.wiring.package" value="com.liferay.portal.security.audit.storage.service"/>
      <attribute name="version" type="Version" value="1.1.0"/>
      <attribute name="bundle-symbolic-name" value="com.liferay.portal.security.audit.storage.api"/>
      <attribute name="bundle-version" type="Version" value="3.0.0"/>
      <directive name="uses" value="com.liferay.portal.kernel.audit,com.liferay.portal.kernel.dao.orm,com.liferay.portal.kernel.exception,com.liferay.portal.kernel.jsonwebservice,com.liferay.portal.kernel.model,com.liferay.portal.kernel.search,com.liferay.portal.kernel.security.access.control,com.liferay.portal.kernel.service,com.liferay.portal.kernel.spring.osgi,com.liferay.portal.kernel.transaction,com.liferay.portal.kernel.util,com.liferay.portal.security.audit.storage.model"/>
    </capability>
    <capability namespace="osgi.wiring.package">
      <attribute name="osgi.wiring.package" value="com.liferay.portal.security.audit.storage.service.persistence"/>
      <attribute name="version" type="Version" value="1.0.0"/>
      <attribute name="bundle-symbolic-name" value="com.liferay.portal.security.audit.storage.api"/>
      <attribute name="bundle-version" type="Version" value="3.0.0"/>
      <directive name="uses" value="com.liferay.portal.kernel.dao.orm,com.liferay.portal.kernel.service,com.liferay.portal.kernel.service.persistence,com.liferay.portal.kernel.util,com.liferay.portal.security.audit.storage.exception,com.liferay.portal.security.audit.storage.model"/>
    </capability>
    <requirement namespace="osgi.wiring.package">
      <directive name="filter" value="(&amp;(osgi.wiring.package=com.liferay.expando.kernel.model)(version&gt;=1.1.0)(!(version&gt;=2.0.0)))"/>
    </requirement>
    <requirement namespace="osgi.wiring.package">
      <directive name="filter" value="(&amp;(osgi.wiring.package=com.liferay.portal.kernel.annotation)(version&gt;=6.3.0)(!(version&gt;=7.0.0)))"/>
    </requirement>
    <requirement namespace="osgi.wiring.package">
      <directive name="filter" value="(&amp;(osgi.wiring.package=com.liferay.portal.kernel.audit)(version&gt;=7.0.0)(!(version&gt;=8.0.0)))"/>
    </requirement>
    <requirement namespace="osgi.wiring.package">
      <directive name="filter" value="(&amp;(osgi.wiring.package=com.liferay.portal.kernel.bean)(version&gt;=7.1.0)(!(version&gt;=8.0.0)))"/>
    </requirement>
    <requirement namespace="osgi.wiring.package">
      <directive name="filter" value="(&amp;(osgi.wiring.package=com.liferay.portal.kernel.dao.orm)(version&gt;=7.3.0)(!(version&gt;=8.0.0)))"/>
    </requirement>
    <requirement namespace="osgi.wiring.package">
      <directive name="filter" value="(&amp;(osgi.wiring.package=com.liferay.portal.kernel.exception)(version&gt;=7.2.0)(!(version&gt;=8.0.0)))"/>
    </requirement>
    <requirement namespace="osgi.wiring.package">
      <directive name="filter" value="(&amp;(osgi.wiring.package=com.liferay.portal.kernel.jsonwebservice)(version&gt;=7.0.0)(!(version&gt;=8.0.0)))"/>
    </requirement>
    <requirement namespace="osgi.wiring.package">
      <directive name="filter" value="(&amp;(osgi.wiring.package=com.liferay.portal.kernel.model)(version&gt;=2.0.0)(!(version&gt;=2.1.0)))"/>
    </requirement>
    <requirement namespace="osgi.wiring.package">
      <directive name="filter" value="(&amp;(osgi.wiring.package=com.liferay.portal.kernel.search)(version&gt;=7.6.0)(!(version&gt;=8.0.0)))"/>
    </requirement>
    <requirement namespace="osgi.wiring.package">
      <directive name="filter" value="(&amp;(osgi.wiring.package=com.liferay.portal.kernel.security.access.control)(version&gt;=1.0.0)(!(version&gt;=2.0.0)))"/>
    </requirement>
    <requirement namespace="osgi.wiring.package">
      <directive name="filter" value="(&amp;(osgi.wiring.package=com.liferay.portal.kernel.service)(version&gt;=1.27.0)(!(version&gt;=2.0.0)))"/>
    </requirement>
    <requirement namespace="osgi.wiring.package">
      <directive name="filter" value="(&amp;(osgi.wiring.package=com.liferay.portal.kernel.service.persistence)(version&gt;=1.16.0)(!(version&gt;=2.0.0)))"/>
    </requirement>
    <requirement namespace="osgi.wiring.package">
      <directive name="filter" value="(&amp;(osgi.wiring.package=com.liferay.portal.kernel.spring.osgi)(version&gt;=1.1.0)(!(version&gt;=2.0.0)))"/>
    </requirement>
    <requirement namespace="osgi.wiring.package">
      <directive name="filter" value="(&amp;(osgi.wiring.package=com.liferay.portal.kernel.transaction)(version&gt;=7.1.0)(!(version&gt;=8.0.0)))"/>
    </requirement>
    <requirement namespace="osgi.wiring.package">
      <directive name="filter" value="(&amp;(osgi.wiring.package=com.liferay.portal.kernel.util)(version&gt;=8.0.0)(!(version&gt;=9.0.0)))"/>
    </requirement>
    <requirement namespace="osgi.wiring.package">
      <directive name="filter" value="(&amp;(osgi.wiring.package=com.liferay.portal.security.audit.storage.exception)(version&gt;=1.0.0)(!(version&gt;=2.0.0)))"/>
    </requirement>
    <requirement namespace="osgi.wiring.package">
      <directive name="filter" value="(&amp;(osgi.wiring.package=com.liferay.portal.security.audit.storage.model)(version&gt;=1.0.0)(!(version&gt;=1.1.0)))"/>
    </requirement>
    <requirement namespace="osgi.wiring.package">
      <directive name="filter" value="(&amp;(osgi.wiring.package=org.osgi.framework)(version&gt;=1.7.0)(!(version&gt;=2.0.0)))"/>
    </requirement>
    <requirement namespace="osgi.wiring.package">
      <directive name="filter" value="(&amp;(osgi.wiring.package=org.osgi.util.tracker)(version&gt;=1.5.0)(!(version&gt;=2.0.0)))"/>
    </requirement>
    <requirement namespace="osgi.ee">
      <directive name="filter" value="(&amp;(osgi.ee=JavaSE)(version=1.7))"/>
    </requirement>
  </resource>
</repository>