<?xml version="1.0" encoding="utf-8"?>
<?xml-stylesheet href="http://www.osgi.org/www/obr2html.xsl" type="text/xsl"?>
<repository increment="1530607232719" name="Liferay CE Foundation - Liferay CE Security SSO - API" xmlns="http://www.osgi.org/xmlns/repository/v1.0.0">
  <resource>
    <capability namespace="osgi.identity">
      <attribute name="osgi.identity" value="com.liferay.portal.security.sso.cas.api"/>
      <attribute name="type" value="osgi.bundle"/>
      <attribute name="version" type="Version" value="2.0.1"/>
    </capability>
    <capability namespace="osgi.content">
      <attribute name="osgi.content" value="712d6799eddff84ef62b58da9c89888b1ff151191c816bff561fc04a42f5c08f"/>
      <attribute name="url" value="com.liferay.portal.security.sso.cas.api-2.0.1.jar"/>
      <attribute name="size" type="Long" value="29752"/>
      <attribute name="mime" value="application/vnd.osgi.bundle"/>
    </capability>
    <capability namespace="osgi.wiring.bundle">
      <attribute name="osgi.wiring.bundle" value="com.liferay.portal.security.sso.cas.api"/>
      <attribute name="bundle-version" type="Version" value="2.0.1"/>
    </capability>
    <capability namespace="osgi.wiring.host">
      <attribute name="osgi.wiring.host" value="com.liferay.portal.security.sso.cas.api"/>
      <attribute name="bundle-version" type="Version" value="2.0.1"/>
    </capability>
    <capability namespace="osgi.wiring.package">
      <attribute name="osgi.wiring.package" value="com.liferay.portal.security.sso.cas.configuration"/>
      <attribute name="version" type="Version" value="1.0.1"/>
      <attribute name="bundle-symbolic-name" value="com.liferay.portal.security.sso.cas.api"/>
      <attribute name="bundle-version" type="Version" value="2.0.1"/>
      <directive name="uses" value="aQute.bnd.annotation.metatype,com.liferay.portal.configuration.metatype.annotations"/>
    </capability>
    <capability namespace="osgi.wiring.package">
      <attribute name="osgi.wiring.package" value="com.liferay.portal.security.sso.cas.constants"/>
      <attribute name="version" type="Version" value="1.0.0"/>
      <attribute name="bundle-symbolic-name" value="com.liferay.portal.security.sso.cas.api"/>
      <attribute name="bundle-version" type="Version" value="2.0.1"/>
    </capability>
    <capability namespace="liferay.resource.bundle">
      <attribute name="bundle.symbolic.name" value="com.liferay.portal.security.sso.cas.api"/>
      <attribute name="resource.bundle.base.name" value="content.Language"/>
    </capability>
    <requirement namespace="osgi.wiring.package">
      <directive name="filter" value="(&amp;(osgi.wiring.package=aQute.bnd.annotation.metatype)(version&gt;=1.45.0)(!(version&gt;=2.0.0)))"/>
    </requirement>
    <requirement namespace="osgi.wiring.package">
      <directive name="filter" value="(&amp;(osgi.wiring.package=com.liferay.portal.configuration.metatype.annotations)(version&gt;=1.1.0)(!(version&gt;=2.0.0)))"/>
    </requirement>
    <requirement namespace="osgi.ee">
      <directive name="filter" value="(&amp;(osgi.ee=JavaSE)(version=1.7))"/>
    </requirement>
  </resource>
  <resource>
    <capability namespace="osgi.identity">
      <attribute name="osgi.identity" value="com.liferay.portal.security.sso.facebook.connect.api"/>
      <attribute name="type" value="osgi.bundle"/>
      <attribute name="version" type="Version" value="2.0.1"/>
    </capability>
    <capability namespace="osgi.content">
      <attribute name="osgi.content" value="5162f0110dad2f673b6d113f4a0a49c73e0a2bf4a445265d1c27a26dc626dc58"/>
      <attribute name="url" value="com.liferay.portal.security.sso.facebook.connect.api-2.0.1.jar"/>
      <attribute name="size" type="Long" value="22188"/>
      <attribute name="mime" value="application/vnd.osgi.bundle"/>
    </capability>
    <capability namespace="osgi.wiring.bundle">
      <attribute name="osgi.wiring.bundle" value="com.liferay.portal.security.sso.facebook.connect.api"/>
      <attribute name="bundle-version" type="Version" value="2.0.1"/>
    </capability>
    <capability namespace="osgi.wiring.host">
      <attribute name="osgi.wiring.host" value="com.liferay.portal.security.sso.facebook.connect.api"/>
      <attribute name="bundle-version" type="Version" value="2.0.1"/>
    </capability>
    <capability namespace="osgi.wiring.package">
      <attribute name="osgi.wiring.package" value="com.liferay.portal.security.sso.facebook.connect.configuration"/>
      <attribute name="version" type="Version" value="2.0.5"/>
      <attribute name="bundle-symbolic-name" value="com.liferay.portal.security.sso.facebook.connect.api"/>
      <attribute name="bundle-version" type="Version" value="2.0.1"/>
      <directive name="uses" value="aQute.bnd.annotation.metatype,com.liferay.portal.configuration.metatype.annotations"/>
    </capability>
    <capability namespace="osgi.wiring.package">
      <attribute name="osgi.wiring.package" value="com.liferay.portal.security.sso.facebook.connect.constants"/>
      <attribute name="version" type="Version" value="2.0.0"/>
      <attribute name="bundle-symbolic-name" value="com.liferay.portal.security.sso.facebook.connect.api"/>
      <attribute name="bundle-version" type="Version" value="2.0.1"/>
    </capability>
    <capability namespace="liferay.resource.bundle">
      <attribute name="bundle.symbolic.name" value="com.liferay.portal.security.sso.facebook.connect.api"/>
      <attribute name="resource.bundle.base.name" value="content.Language"/>
    </capability>
    <requirement namespace="osgi.wiring.package">
      <directive name="filter" value="(&amp;(osgi.wiring.package=aQute.bnd.annotation.metatype)(version&gt;=1.45.0)(!(version&gt;=2.0.0)))"/>
    </requirement>
    <requirement namespace="osgi.wiring.package">
      <directive name="filter" value="(&amp;(osgi.wiring.package=com.liferay.portal.configuration.metatype.annotations)(version&gt;=1.1.0)(!(version&gt;=2.0.0)))"/>
    </requirement>
    <requirement namespace="osgi.ee">
      <directive name="filter" value="(&amp;(osgi.ee=JavaSE)(version=1.7))"/>
    </requirement>
  </resource>
  <resource>
    <capability namespace="osgi.identity">
      <attribute name="osgi.identity" value="com.liferay.portal.security.sso.google.api"/>
      <attribute name="type" value="osgi.bundle"/>
      <attribute name="version" type="Version" value="2.0.1"/>
    </capability>
    <capability namespace="osgi.content">
      <attribute name="osgi.content" value="653aeac43e82de1d44fa6e079a4d74063dd361ab4baacc59083b93a194fb9a61"/>
      <attribute name="url" value="com.liferay.portal.security.sso.google.api-2.0.1.jar"/>
      <attribute name="size" type="Long" value="23441"/>
      <attribute name="mime" value="application/vnd.osgi.bundle"/>
    </capability>
    <capability namespace="osgi.wiring.bundle">
      <attribute name="osgi.wiring.bundle" value="com.liferay.portal.security.sso.google.api"/>
      <attribute name="bundle-version" type="Version" value="2.0.1"/>
    </capability>
    <capability namespace="osgi.wiring.host">
      <attribute name="osgi.wiring.host" value="com.liferay.portal.security.sso.google.api"/>
      <attribute name="bundle-version" type="Version" value="2.0.1"/>
    </capability>
    <capability namespace="osgi.wiring.package">
      <attribute name="osgi.wiring.package" value="com.liferay.portal.security.sso.google"/>
      <attribute name="version" type="Version" value="1.0.0"/>
      <attribute name="bundle-symbolic-name" value="com.liferay.portal.security.sso.google.api"/>
      <attribute name="bundle-version" type="Version" value="2.0.1"/>
      <directive name="uses" value="com.liferay.portal.kernel.model,javax.servlet.http"/>
    </capability>
    <capability namespace="osgi.wiring.package">
      <attribute name="osgi.wiring.package" value="com.liferay.portal.security.sso.google.configuration"/>
      <attribute name="version" type="Version" value="1.0.4"/>
      <attribute name="bundle-symbolic-name" value="com.liferay.portal.security.sso.google.api"/>
      <attribute name="bundle-version" type="Version" value="2.0.1"/>
      <directive name="uses" value="aQute.bnd.annotation.metatype,com.liferay.portal.configuration.metatype.annotations"/>
    </capability>
    <capability namespace="osgi.wiring.package">
      <attribute name="osgi.wiring.package" value="com.liferay.portal.security.sso.google.constants"/>
      <attribute name="version" type="Version" value="1.0.0"/>
      <attribute name="bundle-symbolic-name" value="com.liferay.portal.security.sso.google.api"/>
      <attribute name="bundle-version" type="Version" value="2.0.1"/>
    </capability>
    <capability namespace="liferay.resource.bundle">
      <attribute name="bundle.symbolic.name" value="com.liferay.portal.security.sso.google.api"/>
      <attribute name="resource.bundle.base.name" value="content.Language"/>
    </capability>
    <requirement namespace="osgi.wiring.package">
      <directive name="filter" value="(&amp;(osgi.wiring.package=aQute.bnd.annotation.metatype)(version&gt;=1.45.0)(!(version&gt;=2.0.0)))"/>
    </requirement>
    <requirement namespace="osgi.wiring.package">
      <directive name="filter" value="(&amp;(osgi.wiring.package=com.liferay.portal.configuration.metatype.annotations)(version&gt;=1.1.0)(!(version&gt;=2.0.0)))"/>
    </requirement>
    <requirement namespace="osgi.wiring.package">
      <directive name="filter" value="(&amp;(osgi.wiring.package=com.liferay.portal.kernel.model)(version&gt;=2.0.0)(!(version&gt;=3.0.0)))"/>
    </requirement>
    <requirement namespace="osgi.wiring.package">
      <directive name="filter" value="(&amp;(osgi.wiring.package=javax.servlet.http)(version&gt;=3.0.0)(!(version&gt;=4.0.0)))"/>
    </requirement>
    <requirement namespace="osgi.ee">
      <directive name="filter" value="(&amp;(osgi.ee=JavaSE)(version=1.7))"/>
    </requirement>
  </resource>
  <resource>
    <capability namespace="osgi.identity">
      <attribute name="osgi.identity" value="com.liferay.portal.security.sso.ntlm.api"/>
      <attribute name="type" value="osgi.bundle"/>
      <attribute name="version" type="Version" value="2.0.2"/>
    </capability>
    <capability namespace="osgi.content">
      <attribute name="osgi.content" value="76dd19ec4ee6cd240b4eb95a95ccd44de0a3739e248e1cdcc3a0c85f5421fd50"/>
      <attribute name="url" value="com.liferay.portal.security.sso.ntlm.api-2.0.2.jar"/>
      <attribute name="size" type="Long" value="30196"/>
      <attribute name="mime" value="application/vnd.osgi.bundle"/>
    </capability>
    <capability namespace="osgi.wiring.bundle">
      <attribute name="osgi.wiring.bundle" value="com.liferay.portal.security.sso.ntlm.api"/>
      <attribute name="bundle-version" type="Version" value="2.0.2"/>
    </capability>
    <capability namespace="osgi.wiring.host">
      <attribute name="osgi.wiring.host" value="com.liferay.portal.security.sso.ntlm.api"/>
      <attribute name="bundle-version" type="Version" value="2.0.2"/>
    </capability>
    <capability namespace="osgi.wiring.package">
      <attribute name="osgi.wiring.package" value="com.liferay.portal.security.sso.ntlm.configuration"/>
      <attribute name="version" type="Version" value="1.0.3"/>
      <attribute name="bundle-symbolic-name" value="com.liferay.portal.security.sso.ntlm.api"/>
      <attribute name="bundle-version" type="Version" value="2.0.2"/>
      <directive name="uses" value="aQute.bnd.annotation.metatype,com.liferay.portal.configuration.metatype.annotations"/>
    </capability>
    <capability namespace="osgi.wiring.package">
      <attribute name="osgi.wiring.package" value="com.liferay.portal.security.sso.ntlm.constants"/>
      <attribute name="version" type="Version" value="1.0.0"/>
      <attribute name="bundle-symbolic-name" value="com.liferay.portal.security.sso.ntlm.api"/>
      <attribute name="bundle-version" type="Version" value="2.0.2"/>
    </capability>
    <capability namespace="liferay.resource.bundle">
      <attribute name="bundle.symbolic.name" value="com.liferay.portal.security.sso.ntlm.api"/>
      <attribute name="resource.bundle.base.name" value="content.Language"/>
    </capability>
    <requirement namespace="osgi.wiring.package">
      <directive name="filter" value="(&amp;(osgi.wiring.package=aQute.bnd.annotation.metatype)(version&gt;=1.45.0)(!(version&gt;=2.0.0)))"/>
    </requirement>
    <requirement namespace="osgi.wiring.package">
      <directive name="filter" value="(&amp;(osgi.wiring.package=com.liferay.portal.configuration.metatype.annotations)(version&gt;=1.1.0)(!(version&gt;=2.0.0)))"/>
    </requirement>
    <requirement namespace="osgi.ee">
      <directive name="filter" value="(&amp;(osgi.ee=JavaSE)(version=1.7))"/>
    </requirement>
  </resource>
  <resource>
    <capability namespace="osgi.identity">
      <attribute name="osgi.identity" value="com.liferay.portal.security.sso.openid.api"/>
      <attribute name="type" value="osgi.bundle"/>
      <attribute name="version" type="Version" value="2.0.1"/>
    </capability>
    <capability namespace="osgi.content">
      <attribute name="osgi.content" value="7bb348366bbe34a1eda0c8f5eb933e8a16054f5623c72eaa966d70373049c92c"/>
      <attribute name="url" value="com.liferay.portal.security.sso.openid.api-2.0.1.jar"/>
      <attribute name="size" type="Long" value="24573"/>
      <attribute name="mime" value="application/vnd.osgi.bundle"/>
    </capability>
    <capability namespace="osgi.wiring.bundle">
      <attribute name="osgi.wiring.bundle" value="com.liferay.portal.security.sso.openid.api"/>
      <attribute name="bundle-version" type="Version" value="2.0.1"/>
    </capability>
    <capability namespace="osgi.wiring.host">
      <attribute name="osgi.wiring.host" value="com.liferay.portal.security.sso.openid.api"/>
      <attribute name="bundle-version" type="Version" value="2.0.1"/>
    </capability>
    <capability namespace="osgi.wiring.package">
      <attribute name="osgi.wiring.package" value="com.liferay.portal.security.sso.openid"/>
      <attribute name="version" type="Version" value="2.0.0"/>
      <attribute name="bundle-symbolic-name" value="com.liferay.portal.security.sso.openid.api"/>
      <attribute name="bundle-version" type="Version" value="2.0.1"/>
      <directive name="uses" value="com.liferay.portal.kernel.exception,com.liferay.portal.kernel.theme,javax.portlet"/>
    </capability>
    <capability namespace="osgi.wiring.package">
      <attribute name="osgi.wiring.package" value="com.liferay.portal.security.sso.openid.configuration"/>
      <attribute name="version" type="Version" value="2.0.5"/>
      <attribute name="bundle-symbolic-name" value="com.liferay.portal.security.sso.openid.api"/>
      <attribute name="bundle-version" type="Version" value="2.0.1"/>
      <directive name="uses" value="aQute.bnd.annotation.metatype,com.liferay.portal.configuration.metatype.annotations"/>
    </capability>
    <capability namespace="osgi.wiring.package">
      <attribute name="osgi.wiring.package" value="com.liferay.portal.security.sso.openid.constants"/>
      <attribute name="version" type="Version" value="2.0.0"/>
      <attribute name="bundle-symbolic-name" value="com.liferay.portal.security.sso.openid.api"/>
      <attribute name="bundle-version" type="Version" value="2.0.1"/>
    </capability>
    <capability namespace="liferay.resource.bundle">
      <attribute name="bundle.symbolic.name" value="com.liferay.portal.security.sso.openid.api"/>
      <attribute name="resource.bundle.base.name" value="content.Language"/>
    </capability>
    <requirement namespace="osgi.wiring.package">
      <directive name="filter" value="(&amp;(osgi.wiring.package=aQute.bnd.annotation.metatype)(version&gt;=1.45.0)(!(version&gt;=2.0.0)))"/>
    </requirement>
    <requirement namespace="osgi.wiring.package">
      <directive name="filter" value="(&amp;(osgi.wiring.package=com.liferay.portal.configuration.metatype.annotations)(version&gt;=1.1.0)(!(version&gt;=2.0.0)))"/>
    </requirement>
    <requirement namespace="osgi.wiring.package">
      <directive name="filter" value="(&amp;(osgi.wiring.package=com.liferay.portal.kernel.exception)(version&gt;=7.2.0)(!(version&gt;=8.0.0)))"/>
    </requirement>
    <requirement namespace="osgi.wiring.package">
      <directive name="filter" value="(&amp;(osgi.wiring.package=com.liferay.portal.kernel.theme)(version&gt;=1.6.0)(!(version&gt;=2.0.0)))"/>
    </requirement>
    <requirement namespace="osgi.wiring.package">
      <directive name="filter" value="(osgi.wiring.package=javax.portlet)"/>
    </requirement>
    <requirement namespace="osgi.contract">
      <attribute name="osgi.contract" value="JavaPortlet"/>
      <directive name="filter" value="(&amp;(osgi.contract=JavaPortlet)(version=3.0.0))"/>
    </requirement>
    <requirement namespace="osgi.ee">
      <directive name="filter" value="(&amp;(osgi.ee=JavaSE)(version=1.7))"/>
    </requirement>
  </resource>
  <resource>
    <capability namespace="osgi.identity">
      <attribute name="osgi.identity" value="com.liferay.portal.security.sso.openid.connect.api"/>
      <attribute name="type" value="osgi.bundle"/>
      <attribute name="version" type="Version" value="1.0.3"/>
    </capability>
    <capability namespace="osgi.content">
      <attribute name="osgi.content" value="e614f59215d81fcad400935e4b53503cffaff9f318fce31a9cdd808cd6302e02"/>
      <attribute name="url" value="com.liferay.portal.security.sso.openid.connect.api-1.0.3.jar"/>
      <attribute name="size" type="Long" value="1998579"/>
      <attribute name="mime" value="application/vnd.osgi.bundle"/>
    </capability>
    <capability namespace="osgi.wiring.bundle">
      <attribute name="osgi.wiring.bundle" value="com.liferay.portal.security.sso.openid.connect.api"/>
      <attribute name="bundle-version" type="Version" value="1.0.3"/>
    </capability>
    <capability namespace="osgi.wiring.host">
      <attribute name="osgi.wiring.host" value="com.liferay.portal.security.sso.openid.connect.api"/>
      <attribute name="bundle-version" type="Version" value="1.0.3"/>
    </capability>
    <capability namespace="osgi.wiring.package">
      <attribute name="osgi.wiring.package" value="com.liferay.portal.security.sso.openid.connect"/>
      <attribute name="version" type="Version" value="1.0.0"/>
      <attribute name="bundle-symbolic-name" value="com.liferay.portal.security.sso.openid.connect.api"/>
      <attribute name="bundle-version" type="Version" value="1.0.3"/>
      <directive name="uses" value="com.liferay.portal.kernel.exception,com.nimbusds.openid.connect.sdk.claims,com.nimbusds.openid.connect.sdk.op,javax.servlet.http"/>
    </capability>
    <capability namespace="osgi.wiring.package">
      <attribute name="osgi.wiring.package" value="com.liferay.portal.security.sso.openid.connect.configuration"/>
      <attribute name="version" type="Version" value="1.0.1"/>
      <attribute name="bundle-symbolic-name" value="com.liferay.portal.security.sso.openid.connect.api"/>
      <attribute name="bundle-version" type="Version" value="1.0.3"/>
      <directive name="uses" value="aQute.bnd.annotation.metatype,com.liferay.portal.configuration.metatype.annotations"/>
    </capability>
    <capability namespace="osgi.wiring.package">
      <attribute name="osgi.wiring.package" value="com.liferay.portal.security.sso.openid.connect.constants"/>
      <attribute name="version" type="Version" value="1.0.0"/>
      <attribute name="bundle-symbolic-name" value="com.liferay.portal.security.sso.openid.connect.api"/>
      <attribute name="bundle-version" type="Version" value="1.0.3"/>
    </capability>
    <capability namespace="osgi.wiring.package">
      <attribute name="osgi.wiring.package" value="com.nimbusds.jose.util"/>
      <attribute name="version" type="Version" value="4.26.1"/>
      <attribute name="bundle-symbolic-name" value="com.liferay.portal.security.sso.openid.connect.api"/>
      <attribute name="bundle-version" type="Version" value="1.0.3"/>
      <directive name="uses" value="net.jcip.annotations,net.minidev.json"/>
    </capability>
    <capability namespace="osgi.wiring.package">
      <attribute name="osgi.wiring.package" value="com.nimbusds.jwt"/>
      <attribute name="version" type="Version" value="4.26.1"/>
      <attribute name="bundle-symbolic-name" value="com.liferay.portal.security.sso.openid.connect.api"/>
      <attribute name="bundle-version" type="Version" value="1.0.3"/>
      <directive name="uses" value="com.nimbusds.jose.util,net.jcip.annotations,net.minidev.json"/>
    </capability>
    <capability namespace="osgi.wiring.package">
      <attribute name="osgi.wiring.package" value="com.nimbusds.langtag"/>
      <attribute name="version" type="Version" value="1.4.3"/>
      <attribute name="bundle-symbolic-name" value="com.liferay.portal.security.sso.openid.connect.api"/>
      <attribute name="bundle-version" type="Version" value="1.0.3"/>
    </capability>
    <capability namespace="osgi.wiring.package">
      <attribute name="osgi.wiring.package" value="com.nimbusds.oauth2.sdk"/>
      <attribute name="version" type="Version" value="5.17.1"/>
      <attribute name="bundle-symbolic-name" value="com.liferay.portal.security.sso.openid.connect.api"/>
      <attribute name="bundle-version" type="Version" value="1.0.3"/>
      <directive name="uses" value="com.nimbusds.jose.util,com.nimbusds.jwt,com.nimbusds.oauth2.sdk.auth,com.nimbusds.oauth2.sdk.http,com.nimbusds.oauth2.sdk.id,com.nimbusds.oauth2.sdk.pkce,com.nimbusds.oauth2.sdk.token,net.jcip.annotations,net.minidev.json"/>
    </capability>
    <capability namespace="osgi.wiring.package">
      <attribute name="osgi.wiring.package" value="com.nimbusds.oauth2.sdk.assertions"/>
      <attribute name="version" type="Version" value="5.17.1"/>
      <attribute name="bundle-symbolic-name" value="com.liferay.portal.security.sso.openid.connect.api"/>
      <attribute name="bundle-version" type="Version" value="1.0.3"/>
      <directive name="uses" value="com.nimbusds.oauth2.sdk.id"/>
    </capability>
    <capability namespace="osgi.wiring.package">
      <attribute name="osgi.wiring.package" value="com.nimbusds.oauth2.sdk.assertions.jwt"/>
      <attribute name="version" type="Version" value="5.17.1"/>
      <attribute name="bundle-symbolic-name" value="com.liferay.portal.security.sso.openid.connect.api"/>
      <attribute name="bundle-version" type="Version" value="1.0.3"/>
      <directive name="uses" value="com.nimbusds.jwt,com.nimbusds.oauth2.sdk,com.nimbusds.oauth2.sdk.assertions,com.nimbusds.oauth2.sdk.auth,com.nimbusds.oauth2.sdk.id,net.jcip.annotations,net.minidev.json"/>
    </capability>
    <capability namespace="osgi.wiring.package">
      <attribute name="osgi.wiring.package" value="com.nimbusds.oauth2.sdk.auth"/>
      <attribute name="version" type="Version" value="5.17.1"/>
      <attribute name="bundle-symbolic-name" value="com.liferay.portal.security.sso.openid.connect.api"/>
      <attribute name="bundle-version" type="Version" value="1.0.3"/>
      <directive name="uses" value="com.nimbusds.jwt,com.nimbusds.oauth2.sdk,com.nimbusds.oauth2.sdk.assertions.jwt,com.nimbusds.oauth2.sdk.http,com.nimbusds.oauth2.sdk.id,net.jcip.annotations,net.minidev.json"/>
    </capability>
    <capability namespace="osgi.wiring.package">
      <attribute name="osgi.wiring.package" value="com.nimbusds.oauth2.sdk.http"/>
      <attribute name="version" type="Version" value="5.17.1"/>
      <attribute name="bundle-symbolic-name" value="com.liferay.portal.security.sso.openid.connect.api"/>
      <attribute name="bundle-version" type="Version" value="1.0.3"/>
      <directive name="uses" value="com.nimbusds.jwt,com.nimbusds.oauth2.sdk,javax.mail.internet,javax.net.ssl,javax.servlet.http,net.jcip.annotations,net.minidev.json"/>
    </capability>
    <capability namespace="osgi.wiring.package">
      <attribute name="osgi.wiring.package" value="com.nimbusds.oauth2.sdk.id"/>
      <attribute name="version" type="Version" value="5.17.1"/>
      <attribute name="bundle-symbolic-name" value="com.liferay.portal.security.sso.openid.connect.api"/>
      <attribute name="bundle-version" type="Version" value="1.0.3"/>
      <directive name="uses" value="com.nimbusds.oauth2.sdk,net.jcip.annotations,net.minidev.json"/>
    </capability>
    <capability namespace="osgi.wiring.package">
      <attribute name="osgi.wiring.package" value="com.nimbusds.oauth2.sdk.pkce"/>
      <attribute name="version" type="Version" value="5.17.1"/>
      <attribute name="bundle-symbolic-name" value="com.liferay.portal.security.sso.openid.connect.api"/>
      <attribute name="bundle-version" type="Version" value="1.0.3"/>
      <directive name="uses" value="com.nimbusds.oauth2.sdk.auth,com.nimbusds.oauth2.sdk.id,net.jcip.annotations"/>
    </capability>
    <capability namespace="osgi.wiring.package">
      <attribute name="osgi.wiring.package" value="com.nimbusds.oauth2.sdk.token"/>
      <attribute name="version" type="Version" value="5.17.1"/>
      <attribute name="bundle-symbolic-name" value="com.liferay.portal.security.sso.openid.connect.api"/>
      <attribute name="bundle-version" type="Version" value="1.0.3"/>
      <directive name="uses" value="com.nimbusds.oauth2.sdk,com.nimbusds.oauth2.sdk.http,com.nimbusds.oauth2.sdk.id,net.jcip.annotations,net.minidev.json"/>
    </capability>
    <capability namespace="osgi.wiring.package">
      <attribute name="osgi.wiring.package" value="com.nimbusds.oauth2.sdk.util"/>
      <attribute name="version" type="Version" value="5.17.1"/>
      <attribute name="bundle-symbolic-name" value="com.liferay.portal.security.sso.openid.connect.api"/>
      <attribute name="bundle-version" type="Version" value="1.0.3"/>
      <directive name="uses" value="com.nimbusds.oauth2.sdk,javax.mail.internet,net.jcip.annotations,net.minidev.json"/>
    </capability>
    <capability namespace="osgi.wiring.package">
      <attribute name="osgi.wiring.package" value="com.nimbusds.openid.connect.sdk"/>
      <attribute name="version" type="Version" value="5.17.1"/>
      <attribute name="bundle-symbolic-name" value="com.liferay.portal.security.sso.openid.connect.api"/>
      <attribute name="bundle-version" type="Version" value="1.0.3"/>
      <directive name="uses" value="com.nimbusds.jwt,com.nimbusds.langtag,com.nimbusds.oauth2.sdk,com.nimbusds.oauth2.sdk.http,com.nimbusds.oauth2.sdk.id,com.nimbusds.oauth2.sdk.pkce,com.nimbusds.oauth2.sdk.token,com.nimbusds.openid.connect.sdk.claims,com.nimbusds.openid.connect.sdk.token,javax.mail.internet,net.jcip.annotations,net.minidev.json"/>
    </capability>
    <capability namespace="osgi.wiring.package">
      <attribute name="osgi.wiring.package" value="com.nimbusds.openid.connect.sdk.claims"/>
      <attribute name="version" type="Version" value="5.17.1"/>
      <attribute name="bundle-symbolic-name" value="com.liferay.portal.security.sso.openid.connect.api"/>
      <attribute name="bundle-version" type="Version" value="1.0.3"/>
      <directive name="uses" value="com.nimbusds.jwt,com.nimbusds.langtag,com.nimbusds.oauth2.sdk,com.nimbusds.oauth2.sdk.id,com.nimbusds.oauth2.sdk.token,com.nimbusds.openid.connect.sdk,javax.mail.internet,net.jcip.annotations,net.minidev.json"/>
    </capability>
    <capability namespace="osgi.wiring.package">
      <attribute name="osgi.wiring.package" value="com.nimbusds.openid.connect.sdk.op"/>
      <attribute name="version" type="Version" value="5.17.1"/>
      <attribute name="bundle-symbolic-name" value="com.liferay.portal.security.sso.openid.connect.api"/>
      <attribute name="bundle-version" type="Version" value="1.0.3"/>
      <directive name="uses" value="com.nimbusds.jwt,com.nimbusds.langtag,com.nimbusds.oauth2.sdk,com.nimbusds.oauth2.sdk.auth,com.nimbusds.oauth2.sdk.http,com.nimbusds.oauth2.sdk.id,com.nimbusds.oauth2.sdk.pkce,com.nimbusds.openid.connect.sdk,com.nimbusds.openid.connect.sdk.claims,net.jcip.annotations,net.minidev.json"/>
    </capability>
    <capability namespace="osgi.wiring.package">
      <attribute name="osgi.wiring.package" value="com.nimbusds.openid.connect.sdk.token"/>
      <attribute name="version" type="Version" value="5.17.1"/>
      <attribute name="bundle-symbolic-name" value="com.liferay.portal.security.sso.openid.connect.api"/>
      <attribute name="bundle-version" type="Version" value="1.0.3"/>
      <directive name="uses" value="com.nimbusds.jwt,com.nimbusds.oauth2.sdk,com.nimbusds.oauth2.sdk.token,net.jcip.annotations,net.minidev.json"/>
    </capability>
    <capability namespace="osgi.wiring.package">
      <attribute name="osgi.wiring.package" value="net.jcip.annotations"/>
      <attribute name="version" type="Version" value="1.0.0"/>
      <attribute name="bundle-symbolic-name" value="com.liferay.portal.security.sso.openid.connect.api"/>
      <attribute name="bundle-version" type="Version" value="1.0.3"/>
    </capability>
    <capability namespace="osgi.wiring.package">
      <attribute name="osgi.wiring.package" value="net.minidev.json"/>
      <attribute name="version" type="Version" value="1.3.1"/>
      <attribute name="bundle-symbolic-name" value="com.liferay.portal.security.sso.openid.connect.api"/>
      <attribute name="bundle-version" type="Version" value="1.0.3"/>
      <directive name="uses" value="net.minidev.json.parser"/>
    </capability>
    <capability namespace="osgi.wiring.package">
      <attribute name="osgi.wiring.package" value="net.minidev.json.parser"/>
      <attribute name="version" type="Version" value="1.3.1"/>
      <attribute name="bundle-symbolic-name" value="com.liferay.portal.security.sso.openid.connect.api"/>
      <attribute name="bundle-version" type="Version" value="1.0.3"/>
      <directive name="uses" value="net.minidev.json"/>
    </capability>
    <capability namespace="liferay.resource.bundle">
      <attribute name="bundle.symbolic.name" value="com.liferay.portal.security.sso.openid.connect.api"/>
      <attribute name="resource.bundle.base.name" value="content.Language"/>
    </capability>
    <requirement namespace="osgi.wiring.package">
      <directive name="filter" value="(&amp;(osgi.wiring.package=aQute.bnd.annotation.metatype)(version&gt;=1.45.0)(!(version&gt;=2.0.0)))"/>
    </requirement>
    <requirement namespace="osgi.wiring.package">
      <directive name="filter" value="(&amp;(osgi.wiring.package=com.liferay.portal.configuration.metatype.annotations)(version&gt;=1.1.0)(!(version&gt;=2.0.0)))"/>
    </requirement>
    <requirement namespace="osgi.wiring.package">
      <directive name="filter" value="(&amp;(osgi.wiring.package=com.liferay.portal.kernel.exception)(version&gt;=7.2.0)(!(version&gt;=8.0.0)))"/>
    </requirement>
    <requirement namespace="osgi.wiring.package">
      <directive name="filter" value="(&amp;(osgi.wiring.package=com.nimbusds.langtag)(version&gt;=1.4.0)(!(version&gt;=2.0.0)))"/>
    </requirement>
    <requirement namespace="osgi.wiring.package">
      <directive name="filter" value="(&amp;(osgi.wiring.package=com.nimbusds.oauth2.sdk.assertions)(version&gt;=5.17.0)(!(version&gt;=6.0.0)))"/>
    </requirement>
    <requirement namespace="osgi.wiring.package">
      <directive name="filter" value="(&amp;(osgi.wiring.package=com.nimbusds.oauth2.sdk.pkce)(version&gt;=5.17.0)(!(version&gt;=6.0.0)))"/>
    </requirement>
    <requirement namespace="osgi.wiring.package">
      <directive name="filter" value="(&amp;(osgi.wiring.package=com.nimbusds.openid.connect.sdk.token)(version&gt;=5.17.0)(!(version&gt;=6.0.0)))"/>
    </requirement>
    <requirement namespace="osgi.wiring.package">
      <directive name="filter" value="(osgi.wiring.package=javax.crypto)"/>
    </requirement>
    <requirement namespace="osgi.wiring.package">
      <directive name="filter" value="(osgi.wiring.package=javax.crypto.spec)"/>
    </requirement>
    <requirement namespace="osgi.wiring.package">
      <directive name="filter" value="(osgi.wiring.package=javax.mail.internet)"/>
    </requirement>
    <requirement namespace="osgi.wiring.package">
      <directive name="filter" value="(osgi.wiring.package=javax.net)"/>
    </requirement>
    <requirement namespace="osgi.wiring.package">
      <directive name="filter" value="(osgi.wiring.package=javax.net.ssl)"/>
    </requirement>
    <requirement namespace="osgi.wiring.package">
      <directive name="filter" value="(&amp;(osgi.wiring.package=javax.servlet.http)(version&gt;=3.0.0)(!(version&gt;=4.0.0)))"/>
    </requirement>
    <requirement namespace="osgi.wiring.package">
      <directive name="filter" value="(osgi.wiring.package=javax.xml.namespace)"/>
    </requirement>
    <requirement namespace="osgi.wiring.package">
      <directive name="filter" value="(osgi.wiring.package=javax.xml.parsers)"/>
    </requirement>
    <requirement namespace="osgi.wiring.package">
      <directive name="filter" value="(&amp;(osgi.wiring.package=net.jcip.annotations)(version&gt;=1.0.0)(!(version&gt;=2.0.0)))"/>
    </requirement>
    <requirement namespace="osgi.wiring.package">
      <directive name="filter" value="(&amp;(osgi.wiring.package=net.minidev.json.parser)(version&gt;=1.3.0)(!(version&gt;=2.0.0)))"/>
    </requirement>
    <requirement namespace="osgi.wiring.package">
      <directive name="filter" value="(osgi.wiring.package=org.apache.commons.collections)"/>
    </requirement>
    <requirement namespace="osgi.wiring.package">
      <directive name="filter" value="(osgi.wiring.package=org.w3c.dom)"/>
    </requirement>
    <requirement namespace="osgi.wiring.package">
      <directive name="filter" value="(osgi.wiring.package=org.xml.sax)"/>
    </requirement>
    <requirement namespace="osgi.ee">
      <directive name="filter" value="(&amp;(osgi.ee=JavaSE)(version=1.8))"/>
    </requirement>
  </resource>
  <resource>
    <capability namespace="osgi.identity">
      <attribute name="osgi.identity" value="com.liferay.portal.security.sso.opensso.api"/>
      <attribute name="type" value="osgi.bundle"/>
      <attribute name="version" type="Version" value="2.0.1"/>
    </capability>
    <capability namespace="osgi.content">
      <attribute name="osgi.content" value="341df3871fd004fe8010adf57213a7c5fdaa513f16098f47c9fa77ed7224030a"/>
      <attribute name="url" value="com.liferay.portal.security.sso.opensso.api-2.0.1.jar"/>
      <attribute name="size" type="Long" value="33121"/>
      <attribute name="mime" value="application/vnd.osgi.bundle"/>
    </capability>
    <capability namespace="osgi.wiring.bundle">
      <attribute name="osgi.wiring.bundle" value="com.liferay.portal.security.sso.opensso.api"/>
      <attribute name="bundle-version" type="Version" value="2.0.1"/>
    </capability>
    <capability namespace="osgi.wiring.host">
      <attribute name="osgi.wiring.host" value="com.liferay.portal.security.sso.opensso.api"/>
      <attribute name="bundle-version" type="Version" value="2.0.1"/>
    </capability>
    <capability namespace="osgi.wiring.package">
      <attribute name="osgi.wiring.package" value="com.liferay.portal.security.sso.opensso.configuration"/>
      <attribute name="version" type="Version" value="2.0.4"/>
      <attribute name="bundle-symbolic-name" value="com.liferay.portal.security.sso.opensso.api"/>
      <attribute name="bundle-version" type="Version" value="2.0.1"/>
      <directive name="uses" value="aQute.bnd.annotation.metatype,com.liferay.portal.configuration.metatype.annotations"/>
    </capability>
    <capability namespace="osgi.wiring.package">
      <attribute name="osgi.wiring.package" value="com.liferay.portal.security.sso.opensso.constants"/>
      <attribute name="version" type="Version" value="2.0.0"/>
      <attribute name="bundle-symbolic-name" value="com.liferay.portal.security.sso.opensso.api"/>
      <attribute name="bundle-version" type="Version" value="2.0.1"/>
    </capability>
    <capability namespace="liferay.resource.bundle">
      <attribute name="bundle.symbolic.name" value="com.liferay.portal.security.sso.opensso.api"/>
      <attribute name="resource.bundle.base.name" value="content.Language"/>
    </capability>
    <requirement namespace="osgi.wiring.package">
      <directive name="filter" value="(&amp;(osgi.wiring.package=aQute.bnd.annotation.metatype)(version&gt;=1.45.0)(!(version&gt;=2.0.0)))"/>
    </requirement>
    <requirement namespace="osgi.wiring.package">
      <directive name="filter" value="(&amp;(osgi.wiring.package=com.liferay.portal.configuration.metatype.annotations)(version&gt;=1.1.0)(!(version&gt;=2.0.0)))"/>
    </requirement>
    <requirement namespace="osgi.ee">
      <directive name="filter" value="(&amp;(osgi.ee=JavaSE)(version=1.7))"/>
    </requirement>
  </resource>
  <resource>
    <capability namespace="osgi.identity">
      <attribute name="osgi.identity" value="com.liferay.portal.security.sso.token.api"/>
      <attribute name="type" value="osgi.bundle"/>
      <attribute name="version" type="Version" value="2.0.0"/>
    </capability>
    <capability namespace="osgi.content">
      <attribute name="osgi.content" value="ac790cac8be21134e033aeb7b07bdc9a4983bb354faea93e6cb4eebcb8977e12"/>
      <attribute name="url" value="com.liferay.portal.security.sso.token.api-2.0.0.jar"/>
      <attribute name="size" type="Long" value="5554"/>
      <attribute name="mime" value="application/vnd.osgi.bundle"/>
    </capability>
    <capability namespace="osgi.wiring.bundle">
      <attribute name="osgi.wiring.bundle" value="com.liferay.portal.security.sso.token.api"/>
      <attribute name="bundle-version" type="Version" value="2.0.0"/>
    </capability>
    <capability namespace="osgi.wiring.host">
      <attribute name="osgi.wiring.host" value="com.liferay.portal.security.sso.token.api"/>
      <attribute name="bundle-version" type="Version" value="2.0.0"/>
    </capability>
    <capability namespace="osgi.wiring.package">
      <attribute name="osgi.wiring.package" value="com.liferay.portal.security.sso.token.events"/>
      <attribute name="version" type="Version" value="2.0.0"/>
      <attribute name="bundle-symbolic-name" value="com.liferay.portal.security.sso.token.api"/>
      <attribute name="bundle-version" type="Version" value="2.0.0"/>
      <directive name="uses" value="javax.servlet.http"/>
    </capability>
    <capability namespace="osgi.wiring.package">
      <attribute name="osgi.wiring.package" value="com.liferay.portal.security.sso.token.security.auth"/>
      <attribute name="version" type="Version" value="2.0.0"/>
      <attribute name="bundle-symbolic-name" value="com.liferay.portal.security.sso.token.api"/>
      <attribute name="bundle-version" type="Version" value="2.0.0"/>
      <directive name="uses" value="javax.servlet.http"/>
    </capability>
    <requirement namespace="osgi.wiring.package">
      <directive name="filter" value="(&amp;(osgi.wiring.package=javax.servlet.http)(version&gt;=3.0.0)(!(version&gt;=4.0.0)))"/>
    </requirement>
    <requirement namespace="osgi.ee">
      <directive name="filter" value="(&amp;(osgi.ee=JavaSE)(version=1.7))"/>
    </requirement>
  </resource>
</repository>