<?xml version="1.0" encoding="utf-8"?>
<?xml-stylesheet href="http://www.osgi.org/www/obr2html.xsl" type="text/xsl"?>
<repository increment="1530607229111" name="Liferay CE Forms and Workflow - Liferay CE Dynamic Data Mapping - API" xmlns="http://www.osgi.org/xmlns/repository/v1.0.0">
  <resource>
    <capability namespace="osgi.identity">
      <attribute name="osgi.identity" value="com.liferay.dynamic.data.mapping.api"/>
      <attribute name="type" value="osgi.bundle"/>
      <attribute name="version" type="Version" value="4.2.1"/>
    </capability>
    <capability namespace="osgi.content">
      <attribute name="osgi.content" value="24eeb5c18a4525cfae49a926e18cd6542f251d8cee0aa4ac197aed45a4514ea5"/>
      <attribute name="url" value="com.liferay.dynamic.data.mapping.api-4.2.1.jar"/>
      <attribute name="size" type="Long" value="754729"/>
      <attribute name="mime" value="application/vnd.osgi.bundle"/>
    </capability>
    <capability namespace="osgi.wiring.bundle">
      <attribute name="osgi.wiring.bundle" value="com.liferay.dynamic.data.mapping.api"/>
      <attribute name="bundle-version" type="Version" value="4.2.1"/>
    </capability>
    <capability namespace="osgi.wiring.host">
      <attribute name="osgi.wiring.host" value="com.liferay.dynamic.data.mapping.api"/>
      <attribute name="bundle-version" type="Version" value="4.2.1"/>
    </capability>
    <capability namespace="osgi.wiring.package">
      <attribute name="osgi.wiring.package" value="com.liferay.dynamic.data.mapping.annotations"/>
      <attribute name="version" type="Version" value="1.2.0"/>
      <attribute name="bundle-symbolic-name" value="com.liferay.dynamic.data.mapping.api"/>
      <attribute name="bundle-version" type="Version" value="4.2.1"/>
    </capability>
    <capability namespace="osgi.wiring.package">
      <attribute name="osgi.wiring.package" value="com.liferay.dynamic.data.mapping.configuration"/>
      <attribute name="version" type="Version" value="1.0.0"/>
      <attribute name="bundle-symbolic-name" value="com.liferay.dynamic.data.mapping.api"/>
      <attribute name="bundle-version" type="Version" value="4.2.1"/>
      <directive name="uses" value="aQute.bnd.annotation.metatype,com.liferay.portal.configuration.metatype.annotations"/>
    </capability>
    <capability namespace="osgi.wiring.package">
      <attribute name="osgi.wiring.package" value="com.liferay.dynamic.data.mapping.constants"/>
      <attribute name="version" type="Version" value="2.0.0"/>
      <attribute name="bundle-symbolic-name" value="com.liferay.dynamic.data.mapping.api"/>
      <attribute name="bundle-version" type="Version" value="4.2.1"/>
    </capability>
    <capability namespace="osgi.wiring.package">
      <attribute name="osgi.wiring.package" value="com.liferay.dynamic.data.mapping.data.provider"/>
      <attribute name="version" type="Version" value="1.0.1"/>
      <attribute name="bundle-symbolic-name" value="com.liferay.dynamic.data.mapping.api"/>
      <attribute name="bundle-version" type="Version" value="4.2.1"/>
      <directive name="uses" value="com.liferay.dynamic.data.mapping.annotations,com.liferay.dynamic.data.mapping.storage,com.liferay.portal.kernel.exception,com.liferay.portal.kernel.util,javax.servlet.http,org.osgi.framework"/>
    </capability>
    <capability namespace="osgi.wiring.package">
      <attribute name="osgi.wiring.package" value="com.liferay.dynamic.data.mapping.exception"/>
      <attribute name="version" type="Version" value="1.3.0"/>
      <attribute name="bundle-symbolic-name" value="com.liferay.dynamic.data.mapping.api"/>
      <attribute name="bundle-version" type="Version" value="4.2.1"/>
      <directive name="uses" value="com.liferay.portal.kernel.exception"/>
    </capability>
    <capability namespace="osgi.wiring.package">
      <attribute name="osgi.wiring.package" value="com.liferay.dynamic.data.mapping.expression"/>
      <attribute name="version" type="Version" value="1.0.0"/>
      <attribute name="bundle-symbolic-name" value="com.liferay.dynamic.data.mapping.api"/>
      <attribute name="bundle-version" type="Version" value="4.2.1"/>
      <directive name="uses" value="com.liferay.dynamic.data.mapping.expression.model,com.liferay.portal.kernel.exception"/>
    </capability>
    <capability namespace="osgi.wiring.package">
      <attribute name="osgi.wiring.package" value="com.liferay.dynamic.data.mapping.expression.model"/>
      <attribute name="version" type="Version" value="1.0.0"/>
      <attribute name="bundle-symbolic-name" value="com.liferay.dynamic.data.mapping.api"/>
      <attribute name="bundle-version" type="Version" value="4.2.1"/>
    </capability>
    <capability namespace="osgi.wiring.package">
      <attribute name="osgi.wiring.package" value="com.liferay.dynamic.data.mapping.form.builder.context"/>
      <attribute name="version" type="Version" value="1.0.0"/>
      <attribute name="bundle-symbolic-name" value="com.liferay.dynamic.data.mapping.api"/>
      <attribute name="bundle-version" type="Version" value="4.2.1"/>
      <directive name="uses" value="com.liferay.dynamic.data.mapping.model,com.liferay.portal.kernel.exception,com.liferay.portal.kernel.json,javax.servlet.http"/>
    </capability>
    <capability namespace="osgi.wiring.package">
      <attribute name="osgi.wiring.package" value="com.liferay.dynamic.data.mapping.form.builder.settings"/>
      <attribute name="version" type="Version" value="1.0.0"/>
      <attribute name="bundle-symbolic-name" value="com.liferay.dynamic.data.mapping.api"/>
      <attribute name="bundle-version" type="Version" value="4.2.1"/>
      <directive name="uses" value="com.liferay.dynamic.data.mapping.model,com.liferay.portal.kernel.json"/>
    </capability>
    <capability namespace="osgi.wiring.package">
      <attribute name="osgi.wiring.package" value="com.liferay.dynamic.data.mapping.form.evaluator"/>
      <attribute name="version" type="Version" value="1.0.0"/>
      <attribute name="bundle-symbolic-name" value="com.liferay.dynamic.data.mapping.api"/>
      <attribute name="bundle-version" type="Version" value="4.2.1"/>
      <directive name="uses" value="com.liferay.dynamic.data.mapping.model,com.liferay.dynamic.data.mapping.storage,com.liferay.portal.kernel.exception,com.liferay.portal.kernel.json"/>
    </capability>
    <capability namespace="osgi.wiring.package">
      <attribute name="osgi.wiring.package" value="com.liferay.dynamic.data.mapping.form.field.type"/>
      <attribute name="version" type="Version" value="1.0.1"/>
      <attribute name="bundle-symbolic-name" value="com.liferay.dynamic.data.mapping.api"/>
      <attribute name="bundle-version" type="Version" value="4.2.1"/>
      <directive name="uses" value="com.liferay.dynamic.data.mapping.annotations,com.liferay.dynamic.data.mapping.model,com.liferay.dynamic.data.mapping.render,com.liferay.dynamic.data.mapping.storage,com.liferay.portal.kernel.exception,com.liferay.portal.kernel.template,javax.servlet.http"/>
    </capability>
    <capability namespace="osgi.wiring.package">
      <attribute name="osgi.wiring.package" value="com.liferay.dynamic.data.mapping.form.renderer"/>
      <attribute name="version" type="Version" value="1.0.0"/>
      <attribute name="bundle-symbolic-name" value="com.liferay.dynamic.data.mapping.api"/>
      <attribute name="bundle-version" type="Version" value="4.2.1"/>
      <directive name="uses" value="com.liferay.dynamic.data.mapping.model,com.liferay.dynamic.data.mapping.storage,com.liferay.portal.kernel.exception,javax.servlet.http"/>
    </capability>
    <capability namespace="osgi.wiring.package">
      <attribute name="osgi.wiring.package" value="com.liferay.dynamic.data.mapping.form.values.factory"/>
      <attribute name="version" type="Version" value="1.0.0"/>
      <attribute name="bundle-symbolic-name" value="com.liferay.dynamic.data.mapping.api"/>
      <attribute name="bundle-version" type="Version" value="4.2.1"/>
      <directive name="uses" value="com.liferay.dynamic.data.mapping.model,com.liferay.dynamic.data.mapping.storage,javax.portlet,javax.servlet.http"/>
    </capability>
    <capability namespace="osgi.wiring.package">
      <attribute name="osgi.wiring.package" value="com.liferay.dynamic.data.mapping.form.values.query"/>
      <attribute name="version" type="Version" value="1.0.0"/>
      <attribute name="bundle-symbolic-name" value="com.liferay.dynamic.data.mapping.api"/>
      <attribute name="bundle-version" type="Version" value="4.2.1"/>
      <directive name="uses" value="com.liferay.dynamic.data.mapping.storage,com.liferay.portal.kernel.exception"/>
    </capability>
    <capability namespace="osgi.wiring.package">
      <attribute name="osgi.wiring.package" value="com.liferay.dynamic.data.mapping.io"/>
      <attribute name="version" type="Version" value="1.0.0"/>
      <attribute name="bundle-symbolic-name" value="com.liferay.dynamic.data.mapping.api"/>
      <attribute name="bundle-version" type="Version" value="4.2.1"/>
      <directive name="uses" value="com.liferay.dynamic.data.mapping.form.field.type,com.liferay.dynamic.data.mapping.model,com.liferay.dynamic.data.mapping.storage,com.liferay.portal.kernel.exception"/>
    </capability>
    <capability namespace="osgi.wiring.package">
      <attribute name="osgi.wiring.package" value="com.liferay.dynamic.data.mapping.io.exporter"/>
      <attribute name="version" type="Version" value="1.0.0"/>
      <attribute name="bundle-symbolic-name" value="com.liferay.dynamic.data.mapping.api"/>
      <attribute name="bundle-version" type="Version" value="4.2.1"/>
      <directive name="uses" value="com.liferay.dynamic.data.mapping.model,com.liferay.portal.kernel.util"/>
    </capability>
    <capability namespace="osgi.wiring.package">
      <attribute name="osgi.wiring.package" value="com.liferay.dynamic.data.mapping.model"/>
      <attribute name="version" type="Version" value="1.7.0"/>
      <attribute name="bundle-symbolic-name" value="com.liferay.dynamic.data.mapping.api"/>
      <attribute name="bundle-version" type="Version" value="4.2.1"/>
      <directive name="uses" value="com.liferay.dynamic.data.mapping.annotations,com.liferay.dynamic.data.mapping.exception,com.liferay.dynamic.data.mapping.storage,com.liferay.expando.kernel.model,com.liferay.exportimport.kernel.lar,com.liferay.portal.kernel.annotation,com.liferay.portal.kernel.bean,com.liferay.portal.kernel.exception,com.liferay.portal.kernel.model,com.liferay.portal.kernel.service,com.liferay.portal.kernel.theme,com.liferay.portal.kernel.util"/>
    </capability>
    <capability namespace="osgi.wiring.package">
      <attribute name="osgi.wiring.package" value="com.liferay.dynamic.data.mapping.render"/>
      <attribute name="version" type="Version" value="1.1.0"/>
      <attribute name="bundle-symbolic-name" value="com.liferay.dynamic.data.mapping.api"/>
      <attribute name="bundle-version" type="Version" value="4.2.1"/>
      <directive name="uses" value="com.liferay.dynamic.data.mapping.model,com.liferay.dynamic.data.mapping.storage,com.liferay.portal.kernel.exception,com.liferay.portal.kernel.util,javax.servlet.http"/>
    </capability>
    <capability namespace="osgi.wiring.package">
      <attribute name="osgi.wiring.package" value="com.liferay.dynamic.data.mapping.security.permission"/>
      <attribute name="version" type="Version" value="1.0.0"/>
      <attribute name="bundle-symbolic-name" value="com.liferay.dynamic.data.mapping.api"/>
      <attribute name="bundle-version" type="Version" value="4.2.1"/>
      <directive name="uses" value="com.liferay.portal.kernel.exception,com.liferay.portal.kernel.security.permission"/>
    </capability>
    <capability namespace="osgi.wiring.package">
      <attribute name="osgi.wiring.package" value="com.liferay.dynamic.data.mapping.service"/>
      <attribute name="version" type="Version" value="1.2.0"/>
      <attribute name="bundle-symbolic-name" value="com.liferay.dynamic.data.mapping.api"/>
      <attribute name="bundle-version" type="Version" value="4.2.1"/>
      <directive name="uses" value="com.liferay.dynamic.data.mapping.exception,com.liferay.dynamic.data.mapping.model,com.liferay.dynamic.data.mapping.storage,com.liferay.exportimport.kernel.lar,com.liferay.portal.kernel.dao.orm,com.liferay.portal.kernel.exception,com.liferay.portal.kernel.jsonwebservice,com.liferay.portal.kernel.model,com.liferay.portal.kernel.search,com.liferay.portal.kernel.security.access.control,com.liferay.portal.kernel.service,com.liferay.portal.kernel.service.permission,com.liferay.portal.kernel.spring.osgi,com.liferay.portal.kernel.systemevent,com.liferay.portal.kernel.transaction,com.liferay.portal.kernel.util"/>
    </capability>
    <capability namespace="osgi.wiring.package">
      <attribute name="osgi.wiring.package" value="com.liferay.dynamic.data.mapping.service.persistence"/>
      <attribute name="version" type="Version" value="1.2.0"/>
      <attribute name="bundle-symbolic-name" value="com.liferay.dynamic.data.mapping.api"/>
      <attribute name="bundle-version" type="Version" value="4.2.1"/>
      <directive name="uses" value="com.liferay.dynamic.data.mapping.exception,com.liferay.dynamic.data.mapping.model,com.liferay.portal.kernel.dao.orm,com.liferay.portal.kernel.service,com.liferay.portal.kernel.service.persistence,com.liferay.portal.kernel.util"/>
    </capability>
    <capability namespace="osgi.wiring.package">
      <attribute name="osgi.wiring.package" value="com.liferay.dynamic.data.mapping.storage"/>
      <attribute name="version" type="Version" value="1.0.0"/>
      <attribute name="bundle-symbolic-name" value="com.liferay.dynamic.data.mapping.api"/>
      <attribute name="bundle-version" type="Version" value="4.2.1"/>
      <directive name="uses" value="com.liferay.dynamic.data.mapping.exception,com.liferay.dynamic.data.mapping.model,com.liferay.portal.kernel.exception,com.liferay.portal.kernel.service"/>
    </capability>
    <capability namespace="osgi.wiring.package">
      <attribute name="osgi.wiring.package" value="com.liferay.dynamic.data.mapping.template"/>
      <attribute name="version" type="Version" value="1.0.0"/>
      <attribute name="bundle-symbolic-name" value="com.liferay.dynamic.data.mapping.api"/>
      <attribute name="bundle-version" type="Version" value="4.2.1"/>
      <directive name="uses" value="com.liferay.dynamic.data.mapping.model,com.liferay.portal.kernel.exception,com.liferay.portal.kernel.template"/>
    </capability>
    <capability namespace="osgi.wiring.package">
      <attribute name="osgi.wiring.package" value="com.liferay.dynamic.data.mapping.util"/>
      <attribute name="version" type="Version" value="1.6.0"/>
      <attribute name="bundle-symbolic-name" value="com.liferay.dynamic.data.mapping.api"/>
      <attribute name="bundle-version" type="Version" value="4.2.1"/>
      <directive name="uses" value="com.liferay.dynamic.data.mapping.annotations,com.liferay.dynamic.data.mapping.kernel,com.liferay.dynamic.data.mapping.model,com.liferay.dynamic.data.mapping.storage,com.liferay.portal.kernel.exception,com.liferay.portal.kernel.json,com.liferay.portal.kernel.model,com.liferay.portal.kernel.portlet,com.liferay.portal.kernel.repository.model,com.liferay.portal.kernel.search,com.liferay.portal.kernel.search.filter,com.liferay.portal.kernel.service,com.liferay.portal.kernel.theme,com.liferay.portal.kernel.util,com.liferay.portal.kernel.xml,javax.portlet,javax.servlet.http"/>
    </capability>
    <capability namespace="osgi.wiring.package">
      <attribute name="osgi.wiring.package" value="com.liferay.dynamic.data.mapping.util.comparator"/>
      <attribute name="version" type="Version" value="1.1.0"/>
      <attribute name="bundle-symbolic-name" value="com.liferay.dynamic.data.mapping.api"/>
      <attribute name="bundle-version" type="Version" value="4.2.1"/>
      <directive name="uses" value="com.liferay.dynamic.data.mapping.model,com.liferay.exportimport.kernel.lar,com.liferay.portal.kernel.util"/>
    </capability>
    <capability namespace="osgi.wiring.package">
      <attribute name="osgi.wiring.package" value="com.liferay.dynamic.data.mapping.validator"/>
      <attribute name="version" type="Version" value="1.0.0"/>
      <attribute name="bundle-symbolic-name" value="com.liferay.dynamic.data.mapping.api"/>
      <attribute name="bundle-version" type="Version" value="4.2.1"/>
      <directive name="uses" value="com.liferay.dynamic.data.mapping.exception,com.liferay.dynamic.data.mapping.model,com.liferay.dynamic.data.mapping.storage,com.liferay.portal.kernel.exception"/>
    </capability>
    <capability namespace="osgi.wiring.package">
      <attribute name="osgi.wiring.package" value="com.liferay.dynamic.data.mapping.webdav"/>
      <attribute name="version" type="Version" value="1.0.0"/>
      <attribute name="bundle-symbolic-name" value="com.liferay.dynamic.data.mapping.api"/>
      <attribute name="bundle-version" type="Version" value="4.2.1"/>
      <directive name="uses" value="com.liferay.dynamic.data.mapping.model,com.liferay.portal.kernel.webdav"/>
    </capability>
    <capability namespace="osgi.service">
      <attribute name="objectClass" type="List&lt;String&gt;" value="com.liferay.dynamic.data.mapping.data.provider.DDMDataProviderTracker"/>
    </capability>
    <capability namespace="osgi.service">
      <attribute name="objectClass" type="List&lt;String&gt;" value="com.liferay.dynamic.data.mapping.util.DDMDisplayRegistry"/>
    </capability>
    <capability namespace="liferay.resource.bundle">
      <attribute name="bundle.symbolic.name" value="com.liferay.dynamic.data.mapping.api"/>
      <attribute name="resource.bundle.base.name" value="content.Language"/>
    </capability>
    <capability namespace="osgi.service">
      <attribute name="objectClass" type="List&lt;String&gt;" value="com.liferay.dynamic.data.mapping.data.provider.DDMDataProviderTracker"/>
      <directive name="uses" value="com.liferay.dynamic.data.mapping.data.provider"/>
    </capability>
    <capability namespace="osgi.service">
      <attribute name="objectClass" type="List&lt;String&gt;" value="com.liferay.dynamic.data.mapping.util.DDMDisplayRegistry"/>
      <directive name="uses" value="com.liferay.dynamic.data.mapping.util"/>
    </capability>
    <requirement namespace="osgi.wiring.package">
      <directive name="filter" value="(&amp;(osgi.wiring.package=aQute.bnd.annotation.metatype)(version&gt;=1.45.0)(!(version&gt;=2.0.0)))"/>
    </requirement>
    <requirement namespace="osgi.wiring.package">
      <directive name="filter" value="(&amp;(osgi.wiring.package=com.liferay.document.library.kernel.service)(version&gt;=1.2.0)(!(version&gt;=2.0.0)))"/>
    </requirement>
    <requirement namespace="osgi.wiring.package">
      <directive name="filter" value="(&amp;(osgi.wiring.package=com.liferay.document.library.kernel.util)(version&gt;=1.3.0)(!(version&gt;=2.0.0)))"/>
    </requirement>
    <requirement namespace="osgi.wiring.package">
      <directive name="filter" value="(&amp;(osgi.wiring.package=com.liferay.dynamic.data.mapping.annotations)(version&gt;=1.2.0)(!(version&gt;=2.0.0)))"/>
    </requirement>
    <requirement namespace="osgi.wiring.package">
      <directive name="filter" value="(&amp;(osgi.wiring.package=com.liferay.dynamic.data.mapping.exception)(version&gt;=1.3.0)(!(version&gt;=2.0.0)))"/>
    </requirement>
    <requirement namespace="osgi.wiring.package">
      <directive name="filter" value="(&amp;(osgi.wiring.package=com.liferay.dynamic.data.mapping.expression.model)(version&gt;=1.0.0)(!(version&gt;=2.0.0)))"/>
    </requirement>
    <requirement namespace="osgi.wiring.package">
      <directive name="filter" value="(&amp;(osgi.wiring.package=com.liferay.dynamic.data.mapping.form.field.type)(version&gt;=1.0.0)(!(version&gt;=2.0.0)))"/>
    </requirement>
    <requirement namespace="osgi.wiring.package">
      <directive name="filter" value="(&amp;(osgi.wiring.package=com.liferay.dynamic.data.mapping.kernel)(version&gt;=1.2.0)(!(version&gt;=2.0.0)))"/>
    </requirement>
    <requirement namespace="osgi.wiring.package">
      <directive name="filter" value="(&amp;(osgi.wiring.package=com.liferay.dynamic.data.mapping.model)(version&gt;=1.7.0)(!(version&gt;=1.8.0)))"/>
    </requirement>
    <requirement namespace="osgi.wiring.package">
      <directive name="filter" value="(&amp;(osgi.wiring.package=com.liferay.dynamic.data.mapping.render)(version&gt;=1.1.0)(!(version&gt;=2.0.0)))"/>
    </requirement>
    <requirement namespace="osgi.wiring.package">
      <directive name="filter" value="(&amp;(osgi.wiring.package=com.liferay.dynamic.data.mapping.service)(version&gt;=1.2.0)(!(version&gt;=1.3.0)))"/>
    </requirement>
    <requirement namespace="osgi.wiring.package">
      <directive name="filter" value="(&amp;(osgi.wiring.package=com.liferay.dynamic.data.mapping.storage)(version&gt;=1.0.0)(!(version&gt;=2.0.0)))"/>
    </requirement>
    <requirement namespace="osgi.wiring.package">
      <directive name="filter" value="(&amp;(osgi.wiring.package=com.liferay.dynamic.data.mapping.util)(version&gt;=1.6.0)(!(version&gt;=1.7.0)))"/>
    </requirement>
    <requirement namespace="osgi.wiring.package">
      <directive name="filter" value="(&amp;(osgi.wiring.package=com.liferay.expando.kernel.model)(version&gt;=1.1.0)(!(version&gt;=2.0.0)))"/>
    </requirement>
    <requirement namespace="osgi.wiring.package">
      <directive name="filter" value="(&amp;(osgi.wiring.package=com.liferay.exportimport.kernel.lar)(version&gt;=1.8.0)(!(version&gt;=2.0.0)))"/>
    </requirement>
    <requirement namespace="osgi.wiring.package">
      <directive name="filter" value="(&amp;(osgi.wiring.package=com.liferay.osgi.service.tracker.collections.map)(version&gt;=2.0.0)(!(version&gt;=3.0.0)))"/>
    </requirement>
    <requirement namespace="osgi.wiring.package">
      <directive name="filter" value="(&amp;(osgi.wiring.package=com.liferay.osgi.util)(version&gt;=2.1.0)(!(version&gt;=3.0.0)))"/>
    </requirement>
    <requirement namespace="osgi.wiring.package">
      <directive name="filter" value="(&amp;(osgi.wiring.package=com.liferay.petra.string)(version&gt;=1.3.0)(!(version&gt;=2.0.0)))"/>
    </requirement>
    <requirement namespace="osgi.wiring.package">
      <directive name="filter" value="(&amp;(osgi.wiring.package=com.liferay.portal.configuration.metatype.annotations)(version&gt;=1.1.0)(!(version&gt;=2.0.0)))"/>
    </requirement>
    <requirement namespace="osgi.wiring.package">
      <directive name="filter" value="(&amp;(osgi.wiring.package=com.liferay.portal.kernel.annotation)(version&gt;=6.3.0)(!(version&gt;=7.0.0)))"/>
    </requirement>
    <requirement namespace="osgi.wiring.package">
      <directive name="filter" value="(&amp;(osgi.wiring.package=com.liferay.portal.kernel.bean)(version&gt;=7.1.0)(!(version&gt;=8.0.0)))"/>
    </requirement>
    <requirement namespace="osgi.wiring.package">
      <directive name="filter" value="(&amp;(osgi.wiring.package=com.liferay.portal.kernel.dao.orm)(version&gt;=7.3.0)(!(version&gt;=8.0.0)))"/>
    </requirement>
    <requirement namespace="osgi.wiring.package">
      <directive name="filter" value="(&amp;(osgi.wiring.package=com.liferay.portal.kernel.exception)(version&gt;=7.2.0)(!(version&gt;=8.0.0)))"/>
    </requirement>
    <requirement namespace="osgi.wiring.package">
      <directive name="filter" value="(&amp;(osgi.wiring.package=com.liferay.portal.kernel.io.unsync)(version&gt;=6.2.0)(!(version&gt;=7.0.0)))"/>
    </requirement>
    <requirement namespace="osgi.wiring.package">
      <directive name="filter" value="(&amp;(osgi.wiring.package=com.liferay.portal.kernel.json)(version&gt;=7.0.0)(!(version&gt;=8.0.0)))"/>
    </requirement>
    <requirement namespace="osgi.wiring.package">
      <directive name="filter" value="(&amp;(osgi.wiring.package=com.liferay.portal.kernel.jsonwebservice)(version&gt;=7.0.0)(!(version&gt;=8.0.0)))"/>
    </requirement>
    <requirement namespace="osgi.wiring.package">
      <directive name="filter" value="(&amp;(osgi.wiring.package=com.liferay.portal.kernel.language)(version&gt;=7.2.0)(!(version&gt;=8.0.0)))"/>
    </requirement>
    <requirement namespace="osgi.wiring.package">
      <directive name="filter" value="(&amp;(osgi.wiring.package=com.liferay.portal.kernel.log)(version&gt;=7.0.0)(!(version&gt;=8.0.0)))"/>
    </requirement>
    <requirement namespace="osgi.wiring.package">
      <directive name="filter" value="(&amp;(osgi.wiring.package=com.liferay.portal.kernel.mobile.device)(version&gt;=7.0.0)(!(version&gt;=8.0.0)))"/>
    </requirement>
    <requirement namespace="osgi.wiring.package">
      <directive name="filter" value="(&amp;(osgi.wiring.package=com.liferay.portal.kernel.model)(version&gt;=2.0.0)(!(version&gt;=2.1.0)))"/>
    </requirement>
    <requirement namespace="osgi.wiring.package">
      <directive name="filter" value="(&amp;(osgi.wiring.package=com.liferay.portal.kernel.portlet)(version&gt;=8.0.0)(!(version&gt;=9.0.0)))"/>
    </requirement>
    <requirement namespace="osgi.wiring.package">
      <directive name="filter" value="(&amp;(osgi.wiring.package=com.liferay.portal.kernel.repository.model)(version&gt;=7.2.0)(!(version&gt;=8.0.0)))"/>
    </requirement>
    <requirement namespace="osgi.wiring.package">
      <directive name="filter" value="(&amp;(osgi.wiring.package=com.liferay.portal.kernel.sanitizer)(version&gt;=7.0.0)(!(version&gt;=8.0.0)))"/>
    </requirement>
    <requirement namespace="osgi.wiring.package">
      <directive name="filter" value="(&amp;(osgi.wiring.package=com.liferay.portal.kernel.search)(version&gt;=7.6.0)(!(version&gt;=8.0.0)))"/>
    </requirement>
    <requirement namespace="osgi.wiring.package">
      <directive name="filter" value="(&amp;(osgi.wiring.package=com.liferay.portal.kernel.search.filter)(version&gt;=1.0.0)(!(version&gt;=2.0.0)))"/>
    </requirement>
    <requirement namespace="osgi.wiring.package">
      <directive name="filter" value="(&amp;(osgi.wiring.package=com.liferay.portal.kernel.security.access.control)(version&gt;=1.0.0)(!(version&gt;=2.0.0)))"/>
    </requirement>
    <requirement namespace="osgi.wiring.package">
      <directive name="filter" value="(&amp;(osgi.wiring.package=com.liferay.portal.kernel.security.pacl.permission)(version&gt;=7.0.0)(!(version&gt;=8.0.0)))"/>
    </requirement>
    <requirement namespace="osgi.wiring.package">
      <directive name="filter" value="(&amp;(osgi.wiring.package=com.liferay.portal.kernel.security.permission)(version&gt;=1.7.0)(!(version&gt;=2.0.0)))"/>
    </requirement>
    <requirement namespace="osgi.wiring.package">
      <directive name="filter" value="(&amp;(osgi.wiring.package=com.liferay.portal.kernel.service)(version&gt;=1.27.0)(!(version&gt;=2.0.0)))"/>
    </requirement>
    <requirement namespace="osgi.wiring.package">
      <directive name="filter" value="(&amp;(osgi.wiring.package=com.liferay.portal.kernel.service.permission)(version&gt;=1.1.0)(!(version&gt;=2.0.0)))"/>
    </requirement>
    <requirement namespace="osgi.wiring.package">
      <directive name="filter" value="(&amp;(osgi.wiring.package=com.liferay.portal.kernel.service.persistence)(version&gt;=1.16.0)(!(version&gt;=2.0.0)))"/>
    </requirement>
    <requirement namespace="osgi.wiring.package">
      <directive name="filter" value="(&amp;(osgi.wiring.package=com.liferay.portal.kernel.spring.osgi)(version&gt;=1.1.0)(!(version&gt;=2.0.0)))"/>
    </requirement>
    <requirement namespace="osgi.wiring.package">
      <directive name="filter" value="(&amp;(osgi.wiring.package=com.liferay.portal.kernel.systemevent)(version&gt;=6.2.0)(!(version&gt;=7.0.0)))"/>
    </requirement>
    <requirement namespace="osgi.wiring.package">
      <directive name="filter" value="(&amp;(osgi.wiring.package=com.liferay.portal.kernel.template)(version&gt;=7.2.0)(!(version&gt;=8.0.0)))"/>
    </requirement>
    <requirement namespace="osgi.wiring.package">
      <directive name="filter" value="(&amp;(osgi.wiring.package=com.liferay.portal.kernel.templateparser)(version&gt;=7.0.0)(!(version&gt;=8.0.0)))"/>
    </requirement>
    <requirement namespace="osgi.wiring.package">
      <directive name="filter" value="(&amp;(osgi.wiring.package=com.liferay.portal.kernel.theme)(version&gt;=1.6.0)(!(version&gt;=2.0.0)))"/>
    </requirement>
    <requirement namespace="osgi.wiring.package">
      <directive name="filter" value="(&amp;(osgi.wiring.package=com.liferay.portal.kernel.transaction)(version&gt;=7.1.0)(!(version&gt;=8.0.0)))"/>
    </requirement>
    <requirement namespace="osgi.wiring.package">
      <directive name="filter" value="(&amp;(osgi.wiring.package=com.liferay.portal.kernel.util)(version&gt;=8.0.0)(!(version&gt;=9.0.0)))"/>
    </requirement>
    <requirement namespace="osgi.wiring.package">
      <directive name="filter" value="(&amp;(osgi.wiring.package=com.liferay.portal.kernel.webdav)(version&gt;=7.0.0)(!(version&gt;=8.0.0)))"/>
    </requirement>
    <requirement namespace="osgi.wiring.package">
      <directive name="filter" value="(&amp;(osgi.wiring.package=com.liferay.portal.kernel.xml)(version&gt;=7.0.0)(!(version&gt;=8.0.0)))"/>
    </requirement>
    <requirement namespace="osgi.wiring.package">
      <directive name="filter" value="(osgi.wiring.package=javax.portlet)"/>
    </requirement>
    <requirement namespace="osgi.wiring.package">
      <directive name="filter" value="(&amp;(osgi.wiring.package=javax.servlet.http)(version&gt;=3.0.0)(!(version&gt;=4.0.0)))"/>
    </requirement>
    <requirement namespace="osgi.wiring.package">
      <directive name="filter" value="(&amp;(osgi.wiring.package=org.osgi.framework)(version&gt;=1.7.0)(!(version&gt;=2.0.0)))"/>
    </requirement>
    <requirement namespace="osgi.wiring.package">
      <directive name="filter" value="(&amp;(osgi.wiring.package=org.osgi.util.tracker)(version&gt;=1.5.0)(!(version&gt;=2.0.0)))"/>
    </requirement>
    <requirement namespace="osgi.extender">
      <directive name="filter" value="(&amp;(osgi.extender=osgi.component)(version&gt;=1.3.0)(!(version&gt;=2.0.0)))"/>
    </requirement>
    <requirement namespace="osgi.service">
      <directive name="filter" value="(objectClass=com.liferay.dynamic.data.mapping.util.DDMDisplay)"/>
      <directive name="effective" value="active"/>
      <directive name="resolution" value="optional"/>
      <directive name="cardinality" value="multiple"/>
    </requirement>
    <requirement namespace="osgi.contract">
      <attribute name="osgi.contract" value="JavaPortlet"/>
      <directive name="filter" value="(&amp;(osgi.contract=JavaPortlet)(version=3.0.0))"/>
    </requirement>
    <requirement namespace="osgi.ee">
      <directive name="filter" value="(&amp;(osgi.ee=JavaSE)(version=1.8))"/>
    </requirement>
    <requirement namespace="osgi.service">
      <directive name="filter" value="(objectClass=com.liferay.dynamic.data.mapping.util.DDMDisplay)"/>
      <directive name="resolution" value="optional"/>
      <directive name="cardinality" value="multiple"/>
      <directive name="effective" value="active"/>
    </requirement>
    <requirement namespace="osgi.extender">
      <directive name="filter" value="(&amp;(osgi.extender=osgi.component)(version&gt;=1.3.0)(!(version&gt;=2.0.0)))"/>
      <directive name="effective" value="active"/>
    </requirement>
  </resource>
  <resource>
    <capability namespace="osgi.identity">
      <attribute name="osgi.identity" value="com.liferay.dynamic.data.mapping.taglib"/>
      <attribute name="type" value="osgi.bundle"/>
      <attribute name="version" type="Version" value="3.1.0"/>
    </capability>
    <capability namespace="osgi.content">
      <attribute name="osgi.content" value="efcaab209f7c1b5b1dd6a4ae4d717446f63aa67c91598a31b2d930d483299b19"/>
      <attribute name="url" value="com.liferay.dynamic.data.mapping.taglib-3.1.0.jar"/>
      <attribute name="size" type="Long" value="51234"/>
      <attribute name="mime" value="application/vnd.osgi.bundle"/>
    </capability>
    <capability namespace="osgi.wiring.bundle">
      <attribute name="osgi.wiring.bundle" value="com.liferay.dynamic.data.mapping.taglib"/>
      <attribute name="bundle-version" type="Version" value="3.1.0"/>
    </capability>
    <capability namespace="osgi.wiring.host">
      <attribute name="osgi.wiring.host" value="com.liferay.dynamic.data.mapping.taglib"/>
      <attribute name="bundle-version" type="Version" value="3.1.0"/>
    </capability>
    <capability namespace="osgi.wiring.package">
      <attribute name="osgi.wiring.package" value="com.liferay.dynamic.data.mapping.taglib.servlet.taglib"/>
      <attribute name="version" type="Version" value="2.1.0"/>
      <attribute name="bundle-symbolic-name" value="com.liferay.dynamic.data.mapping.taglib"/>
      <attribute name="bundle-version" type="Version" value="3.1.0"/>
      <directive name="uses" value="com.liferay.dynamic.data.mapping.model,com.liferay.dynamic.data.mapping.storage,com.liferay.dynamic.data.mapping.taglib.servlet.taglib.base,javax.servlet.http,javax.servlet.jsp"/>
    </capability>
    <capability namespace="osgi.wiring.package">
      <attribute name="osgi.wiring.package" value="com.liferay.dynamic.data.mapping.taglib.servlet.taglib.base"/>
      <attribute name="version" type="Version" value="1.1.0"/>
      <attribute name="bundle-symbolic-name" value="com.liferay.dynamic.data.mapping.taglib"/>
      <attribute name="bundle-version" type="Version" value="3.1.0"/>
      <directive name="uses" value="com.liferay.dynamic.data.mapping.storage,com.liferay.taglib.util,javax.servlet.http,javax.servlet.jsp"/>
    </capability>
    <capability namespace="osgi.extender">
      <attribute name="osgi.extender" value="jsp.taglib"/>
      <attribute name="uri" value="http://liferay.com/tld/ddm"/>
      <attribute name="version" type="Version" value="3.1.0"/>
    </capability>
    <capability namespace="liferay.resource.bundle">
      <attribute name="bundle.symbolic.name" value="com.liferay.dynamic.data.mapping.taglib"/>
      <attribute name="resource.bundle.base.name" value="content.Language"/>
    </capability>
    <requirement namespace="osgi.wiring.package">
      <directive name="filter" value="(&amp;(osgi.wiring.package=com.liferay.dynamic.data.mapping.model)(version&gt;=1.6.0)(!(version&gt;=2.0.0)))"/>
    </requirement>
    <requirement namespace="osgi.wiring.package">
      <directive name="filter" value="(&amp;(osgi.wiring.package=com.liferay.dynamic.data.mapping.render)(version&gt;=1.1.0)(!(version&gt;=2.0.0)))"/>
    </requirement>
    <requirement namespace="osgi.wiring.package">
      <directive name="filter" value="(&amp;(osgi.wiring.package=com.liferay.dynamic.data.mapping.service)(version&gt;=1.2.0)(!(version&gt;=2.0.0)))"/>
    </requirement>
    <requirement namespace="osgi.wiring.package">
      <directive name="filter" value="(&amp;(osgi.wiring.package=com.liferay.dynamic.data.mapping.storage)(version&gt;=1.0.0)(!(version&gt;=2.0.0)))"/>
    </requirement>
    <requirement namespace="osgi.wiring.package">
      <directive name="filter" value="(&amp;(osgi.wiring.package=com.liferay.dynamic.data.mapping.util)(version&gt;=1.5.0)(!(version&gt;=2.0.0)))"/>
    </requirement>
    <requirement namespace="osgi.wiring.package">
      <directive name="filter" value="(&amp;(osgi.wiring.package=com.liferay.expando.kernel.model)(version&gt;=1.1.0)(!(version&gt;=2.0.0)))"/>
    </requirement>
    <requirement namespace="osgi.wiring.package">
      <directive name="filter" value="(&amp;(osgi.wiring.package=com.liferay.exportimport.kernel.lar)(version&gt;=1.8.0)(!(version&gt;=2.0.0)))"/>
    </requirement>
    <requirement namespace="osgi.wiring.package">
      <directive name="filter" value="(&amp;(osgi.wiring.package=com.liferay.portal.kernel.annotation)(version&gt;=6.3.0)(!(version&gt;=7.0.0)))"/>
    </requirement>
    <requirement namespace="osgi.wiring.package">
      <directive name="filter" value="(&amp;(osgi.wiring.package=com.liferay.portal.kernel.dao.orm)(version&gt;=7.3.0)(!(version&gt;=8.0.0)))"/>
    </requirement>
    <requirement namespace="osgi.wiring.package">
      <directive name="filter" value="(&amp;(osgi.wiring.package=com.liferay.portal.kernel.exception)(version&gt;=7.2.0)(!(version&gt;=8.0.0)))"/>
    </requirement>
    <requirement namespace="osgi.wiring.package">
      <directive name="filter" value="(&amp;(osgi.wiring.package=com.liferay.portal.kernel.json)(version&gt;=7.0.0)(!(version&gt;=8.0.0)))"/>
    </requirement>
    <requirement namespace="osgi.wiring.package">
      <directive name="filter" value="(&amp;(osgi.wiring.package=com.liferay.portal.kernel.language)(version&gt;=7.2.0)(!(version&gt;=8.0.0)))"/>
    </requirement>
    <requirement namespace="osgi.wiring.package">
      <directive name="filter" value="(&amp;(osgi.wiring.package=com.liferay.portal.kernel.log)(version&gt;=7.0.0)(!(version&gt;=8.0.0)))"/>
    </requirement>
    <requirement namespace="osgi.wiring.package">
      <directive name="filter" value="(&amp;(osgi.wiring.package=com.liferay.portal.kernel.model)(version&gt;=2.0.0)(!(version&gt;=3.0.0)))"/>
    </requirement>
    <requirement namespace="osgi.wiring.package">
      <directive name="filter" value="(&amp;(osgi.wiring.package=com.liferay.portal.kernel.portlet)(version&gt;=8.0.0)(!(version&gt;=9.0.0)))"/>
    </requirement>
    <requirement namespace="osgi.wiring.package">
      <directive name="filter" value="(&amp;(osgi.wiring.package=com.liferay.portal.kernel.security.permission)(version&gt;=1.7.0)(!(version&gt;=2.0.0)))"/>
    </requirement>
    <requirement namespace="osgi.wiring.package">
      <directive name="filter" value="(&amp;(osgi.wiring.package=com.liferay.portal.kernel.security.permission.resource)(version&gt;=1.0.0)(!(version&gt;=2.0.0)))"/>
    </requirement>
    <requirement namespace="osgi.wiring.package">
      <directive name="filter" value="(&amp;(osgi.wiring.package=com.liferay.portal.kernel.service)(version&gt;=1.27.0)(!(version&gt;=2.0.0)))"/>
    </requirement>
    <requirement namespace="osgi.wiring.package">
      <directive name="filter" value="(&amp;(osgi.wiring.package=com.liferay.portal.kernel.service.permission)(version&gt;=1.1.0)(!(version&gt;=2.0.0)))"/>
    </requirement>
    <requirement namespace="osgi.wiring.package">
      <directive name="filter" value="(&amp;(osgi.wiring.package=com.liferay.portal.kernel.servlet.taglib.ui)(version&gt;=6.4.0)(!(version&gt;=7.0.0)))"/>
    </requirement>
    <requirement namespace="osgi.wiring.package">
      <directive name="filter" value="(&amp;(osgi.wiring.package=com.liferay.portal.kernel.template)(version&gt;=7.2.0)(!(version&gt;=8.0.0)))"/>
    </requirement>
    <requirement namespace="osgi.wiring.package">
      <directive name="filter" value="(&amp;(osgi.wiring.package=com.liferay.portal.kernel.theme)(version&gt;=1.6.0)(!(version&gt;=2.0.0)))"/>
    </requirement>
    <requirement namespace="osgi.wiring.package">
      <directive name="filter" value="(&amp;(osgi.wiring.package=com.liferay.portal.kernel.upload)(version&gt;=6.4.0)(!(version&gt;=7.0.0)))"/>
    </requirement>
    <requirement namespace="osgi.wiring.package">
      <directive name="filter" value="(&amp;(osgi.wiring.package=com.liferay.portal.kernel.util)(version&gt;=8.0.0)(!(version&gt;=9.0.0)))"/>
    </requirement>
    <requirement namespace="osgi.wiring.package">
      <directive name="filter" value="(&amp;(osgi.wiring.package=com.liferay.portlet.display.template)(version&gt;=1.0.0)(!(version&gt;=2.0.0)))"/>
    </requirement>
    <requirement namespace="osgi.wiring.package">
      <directive name="filter" value="(osgi.wiring.package=com.liferay.registry.collections)"/>
    </requirement>
    <requirement namespace="osgi.wiring.package">
      <directive name="filter" value="(&amp;(osgi.wiring.package=com.liferay.taglib)(version&gt;=7.1.0)(!(version&gt;=8.0.0)))"/>
    </requirement>
    <requirement namespace="osgi.wiring.package">
      <directive name="filter" value="(&amp;(osgi.wiring.package=com.liferay.taglib.util)(version&gt;=7.4.0)(!(version&gt;=8.0.0)))"/>
    </requirement>
    <requirement namespace="osgi.wiring.package">
      <directive name="filter" value="(osgi.wiring.package=javax.portlet)"/>
    </requirement>
    <requirement namespace="osgi.wiring.package">
      <directive name="filter" value="(&amp;(osgi.wiring.package=javax.servlet)(version&gt;=3.0.0)(!(version&gt;=4.0.0)))"/>
    </requirement>
    <requirement namespace="osgi.wiring.package">
      <directive name="filter" value="(&amp;(osgi.wiring.package=javax.servlet.http)(version&gt;=3.0.0)(!(version&gt;=4.0.0)))"/>
    </requirement>
    <requirement namespace="osgi.wiring.package">
      <directive name="filter" value="(&amp;(osgi.wiring.package=javax.servlet.jsp)(version&gt;=2.3.0)(!(version&gt;=3.0.0)))"/>
    </requirement>
    <requirement namespace="osgi.wiring.package">
      <directive name="filter" value="(osgi.wiring.package=org.w3c.dom)"/>
    </requirement>
    <requirement namespace="osgi.extender">
      <directive name="filter" value="(&amp;(osgi.extender=jsp.taglib)(uri=http://java.sun.com/portlet_2_0))"/>
    </requirement>
    <requirement namespace="osgi.extender">
      <directive name="filter" value="(&amp;(osgi.extender=jsp.taglib)(uri=http://liferay.com/tld/aui))"/>
    </requirement>
    <requirement namespace="osgi.extender">
      <directive name="filter" value="(&amp;(osgi.extender=jsp.taglib)(uri=http://liferay.com/tld/portlet))"/>
    </requirement>
    <requirement namespace="osgi.extender">
      <directive name="filter" value="(&amp;(osgi.extender=jsp.taglib)(uri=http://liferay.com/tld/theme))"/>
    </requirement>
    <requirement namespace="osgi.extender">
      <directive name="filter" value="(&amp;(osgi.extender=jsp.taglib)(uri=http://liferay.com/tld/ui))"/>
    </requirement>
    <requirement namespace="osgi.extender">
      <directive name="filter" value="(&amp;(osgi.extender=osgi.component)(version&gt;=1.3.0)(!(version&gt;=2.0.0)))"/>
    </requirement>
    <requirement namespace="osgi.service">
      <directive name="filter" value="(objectClass=com.liferay.portal.kernel.security.permission.resource.ModelResourcePermission)"/>
      <directive name="effective" value="active"/>
    </requirement>
    <requirement namespace="osgi.service">
      <directive name="filter" value="(objectClass=com.liferay.portlet.display.template.PortletDisplayTemplate)"/>
      <directive name="effective" value="active"/>
    </requirement>
    <requirement namespace="osgi.service">
      <directive name="filter" value="(objectClass=javax.servlet.ServletContext)"/>
      <directive name="effective" value="active"/>
    </requirement>
    <requirement namespace="osgi.contract">
      <attribute name="osgi.contract" value="JavaPortlet"/>
      <directive name="filter" value="(&amp;(osgi.contract=JavaPortlet)(version=3.0.0))"/>
    </requirement>
    <requirement namespace="osgi.ee">
      <directive name="filter" value="(&amp;(osgi.ee=JavaSE)(version=1.7))"/>
    </requirement>
    <requirement namespace="osgi.service">
      <directive name="filter" value="(objectClass=com.liferay.portal.kernel.security.permission.resource.ModelResourcePermission)"/>
      <directive name="effective" value="active"/>
    </requirement>
    <requirement namespace="osgi.service">
      <directive name="filter" value="(objectClass=javax.servlet.ServletContext)"/>
      <directive name="effective" value="active"/>
    </requirement>
    <requirement namespace="osgi.service">
      <directive name="filter" value="(objectClass=com.liferay.portlet.display.template.PortletDisplayTemplate)"/>
      <directive name="effective" value="active"/>
    </requirement>
    <requirement namespace="osgi.extender">
      <directive name="filter" value="(&amp;(osgi.extender=osgi.component)(version&gt;=1.3.0)(!(version&gt;=2.0.0)))"/>
      <directive name="effective" value="active"/>
    </requirement>
  </resource>
</repository>