<?xml version="1.0" encoding="utf-8"?>
<?xml-stylesheet href="http://www.osgi.org/www/obr2html.xsl" type="text/xsl"?>
<repository increment="1530607232596" name="Liferay CE Connector to Elasticsearch 6 - API" xmlns="http://www.osgi.org/xmlns/repository/v1.0.0">
  <resource>
    <capability namespace="osgi.identity">
      <attribute name="osgi.identity" value="woodstox-core-asl"/>
      <attribute name="type" value="osgi.bundle"/>
      <attribute name="version" type="Version" value="4.4.1"/>
    </capability>
    <capability namespace="osgi.content">
      <attribute name="osgi.content" value="274fa403ed08c0d6f2f574dc1916adaaaec9a493e56d6442f8797ede620bca65"/>
      <attribute name="url" value="com.ctc.wstx-4.4.1.jar"/>
      <attribute name="size" type="Long" value="486013"/>
      <attribute name="mime" value="application/vnd.osgi.bundle"/>
    </capability>
    <capability namespace="osgi.wiring.bundle">
      <attribute name="osgi.wiring.bundle" value="woodstox-core-asl"/>
      <attribute name="bundle-version" type="Version" value="4.4.1"/>
    </capability>
    <capability namespace="osgi.wiring.host">
      <attribute name="osgi.wiring.host" value="woodstox-core-asl"/>
      <attribute name="bundle-version" type="Version" value="4.4.1"/>
    </capability>
    <capability namespace="osgi.wiring.package">
      <attribute name="osgi.wiring.package" value="com.ctc.wstx.sr"/>
      <attribute name="version" type="Version" value="4.4.1"/>
      <attribute name="bundle-symbolic-name" value="woodstox-core-asl"/>
      <attribute name="bundle-version" type="Version" value="4.4.1"/>
      <directive name="uses" value="org.codehaus.stax2.typed,org.codehaus.stax2.ri.typed,javax.xml.namespace,org.xml.sax,javax.xml.stream,org.codehaus.stax2.ri.evt,org.xml.sax.ext,com.ctc.wstx.cfg,org.codehaus.stax2,org.codehaus.stax2.ri,org.codehaus.stax2.validation,com.ctc.wstx.api,com.ctc.wstx.sw"/>
    </capability>
    <capability namespace="osgi.wiring.package">
      <attribute name="osgi.wiring.package" value="com.ctc.wstx.msv"/>
      <attribute name="version" type="Version" value="4.4.1"/>
      <attribute name="bundle-symbolic-name" value="woodstox-core-asl"/>
      <attribute name="bundle-version" type="Version" value="4.4.1"/>
      <directive name="uses" value="javax.xml.parsers,org.codehaus.stax2.validation,javax.xml.namespace,org.xml.sax,javax.xml.stream,com.ctc.wstx.api"/>
    </capability>
    <capability namespace="osgi.wiring.package">
      <attribute name="osgi.wiring.package" value="com.ctc.wstx.osgi"/>
      <attribute name="version" type="Version" value="4.4.1"/>
      <attribute name="bundle-symbolic-name" value="woodstox-core-asl"/>
      <attribute name="bundle-version" type="Version" value="4.4.1"/>
      <directive name="uses" value="org.codehaus.stax2,com.ctc.wstx.msv,org.osgi.framework,com.ctc.wstx.api,org.codehaus.stax2.validation,org.codehaus.stax2.osgi,com.ctc.wstx.stax"/>
    </capability>
    <capability namespace="osgi.wiring.package">
      <attribute name="osgi.wiring.package" value="com.ctc.wstx.dom"/>
      <attribute name="version" type="Version" value="4.4.1"/>
      <attribute name="bundle-symbolic-name" value="woodstox-core-asl"/>
      <attribute name="bundle-version" type="Version" value="4.4.1"/>
      <directive name="uses" value="org.codehaus.stax2.ri.dom,javax.xml.transform.dom,org.codehaus.stax2.ri,org.w3c.dom,javax.xml.namespace,javax.xml.stream,com.ctc.wstx.api,com.ctc.wstx.sw,com.ctc.wstx.cfg"/>
    </capability>
    <capability namespace="osgi.wiring.package">
      <attribute name="osgi.wiring.package" value="com.ctc.wstx.api"/>
      <attribute name="version" type="Version" value="4.4.1"/>
      <attribute name="bundle-symbolic-name" value="woodstox-core-asl"/>
      <attribute name="bundle-version" type="Version" value="4.4.1"/>
      <directive name="uses" value="org.codehaus.stax2,org.codehaus.stax2.io,org.codehaus.stax2.validation,javax.xml.stream,com.ctc.wstx.cfg"/>
    </capability>
    <capability namespace="osgi.wiring.package">
      <attribute name="osgi.wiring.package" value="com.ctc.wstx.sw"/>
      <attribute name="version" type="Version" value="4.4.1"/>
      <attribute name="bundle-symbolic-name" value="woodstox-core-asl"/>
      <attribute name="bundle-version" type="Version" value="4.4.1"/>
      <directive name="uses" value="org.codehaus.stax2,org.codehaus.stax2.io,org.codehaus.stax2.ri,javax.xml.stream.events,org.codehaus.stax2.typed,org.codehaus.stax2.ri.typed,org.codehaus.stax2.validation,javax.xml.namespace,com.ctc.wstx.sr,javax.xml.stream,com.ctc.wstx.api,com.ctc.wstx.cfg"/>
    </capability>
    <capability namespace="osgi.wiring.package">
      <attribute name="osgi.wiring.package" value="com.ctc.wstx.cfg"/>
      <attribute name="version" type="Version" value="4.4.1"/>
      <attribute name="bundle-symbolic-name" value="woodstox-core-asl"/>
      <attribute name="bundle-version" type="Version" value="4.4.1"/>
      <directive name="uses" value="javax.xml.stream"/>
    </capability>
    <capability namespace="osgi.wiring.package">
      <attribute name="osgi.wiring.package" value="com.ctc.wstx.stax"/>
      <attribute name="version" type="Version" value="4.4.1"/>
      <attribute name="bundle-symbolic-name" value="woodstox-core-asl"/>
      <attribute name="bundle-version" type="Version" value="4.4.1"/>
      <directive name="uses" value="javax.xml.transform.dom,org.codehaus.stax2.io,javax.xml.namespace,org.xml.sax,javax.xml.stream,org.codehaus.stax2.ri.evt,com.ctc.wstx.dom,javax.xml.transform.sax,com.ctc.wstx.cfg,org.codehaus.stax2,org.codehaus.stax2.ri,javax.xml.stream.events,com.ctc.wstx.sr,javax.xml.stream.util,javax.xml.transform,javax.xml.transform.stream,com.ctc.wstx.api,com.ctc.wstx.sw"/>
    </capability>
    <capability namespace="osgi.wiring.package">
      <attribute name="osgi.wiring.package" value="com.ctc.wstx.sax"/>
      <attribute name="version" type="Version" value="4.4.1"/>
      <attribute name="bundle-symbolic-name" value="woodstox-core-asl"/>
      <attribute name="bundle-version" type="Version" value="4.4.1"/>
      <directive name="uses" value="org.codehaus.stax2,javax.xml.parsers,com.ctc.wstx.stax,org.xml.sax,com.ctc.wstx.sr,javax.xml.stream,org.xml.sax.ext,com.ctc.wstx.api,org.xml.sax.helpers"/>
    </capability>
    <requirement namespace="osgi.wiring.package">
      <directive name="filter" value="(osgi.wiring.package=javax.xml.namespace)"/>
    </requirement>
    <requirement namespace="osgi.wiring.package">
      <directive name="filter" value="(osgi.wiring.package=javax.xml.parsers)"/>
    </requirement>
    <requirement namespace="osgi.wiring.package">
      <directive name="filter" value="(osgi.wiring.package=javax.xml.stream)"/>
    </requirement>
    <requirement namespace="osgi.wiring.package">
      <directive name="filter" value="(osgi.wiring.package=javax.xml.stream.events)"/>
    </requirement>
    <requirement namespace="osgi.wiring.package">
      <directive name="filter" value="(osgi.wiring.package=javax.xml.stream.util)"/>
    </requirement>
    <requirement namespace="osgi.wiring.package">
      <directive name="filter" value="(osgi.wiring.package=javax.xml.transform)"/>
    </requirement>
    <requirement namespace="osgi.wiring.package">
      <directive name="filter" value="(osgi.wiring.package=javax.xml.transform.dom)"/>
    </requirement>
    <requirement namespace="osgi.wiring.package">
      <directive name="filter" value="(osgi.wiring.package=javax.xml.transform.sax)"/>
    </requirement>
    <requirement namespace="osgi.wiring.package">
      <directive name="filter" value="(osgi.wiring.package=javax.xml.transform.stream)"/>
    </requirement>
    <requirement namespace="osgi.wiring.package">
      <directive name="filter" value="(&amp;(osgi.wiring.package=org.codehaus.stax2)(version&gt;=3.1.4))"/>
    </requirement>
    <requirement namespace="osgi.wiring.package">
      <directive name="filter" value="(&amp;(osgi.wiring.package=org.codehaus.stax2.io)(version&gt;=3.1.4))"/>
    </requirement>
    <requirement namespace="osgi.wiring.package">
      <directive name="filter" value="(&amp;(osgi.wiring.package=org.codehaus.stax2.osgi)(version&gt;=3.1.4))"/>
    </requirement>
    <requirement namespace="osgi.wiring.package">
      <directive name="filter" value="(&amp;(osgi.wiring.package=org.codehaus.stax2.ri)(version&gt;=3.1.4))"/>
    </requirement>
    <requirement namespace="osgi.wiring.package">
      <directive name="filter" value="(&amp;(osgi.wiring.package=org.codehaus.stax2.ri.dom)(version&gt;=3.1.4))"/>
    </requirement>
    <requirement namespace="osgi.wiring.package">
      <directive name="filter" value="(&amp;(osgi.wiring.package=org.codehaus.stax2.ri.evt)(version&gt;=3.1.4))"/>
    </requirement>
    <requirement namespace="osgi.wiring.package">
      <directive name="filter" value="(&amp;(osgi.wiring.package=org.codehaus.stax2.ri.typed)(version&gt;=3.1.4))"/>
    </requirement>
    <requirement namespace="osgi.wiring.package">
      <directive name="filter" value="(&amp;(osgi.wiring.package=org.codehaus.stax2.typed)(version&gt;=3.1.4))"/>
    </requirement>
    <requirement namespace="osgi.wiring.package">
      <directive name="filter" value="(&amp;(osgi.wiring.package=org.codehaus.stax2.validation)(version&gt;=3.1.4))"/>
    </requirement>
    <requirement namespace="osgi.wiring.package">
      <directive name="filter" value="(osgi.wiring.package=org.osgi.framework)"/>
    </requirement>
    <requirement namespace="osgi.wiring.package">
      <directive name="filter" value="(osgi.wiring.package=org.w3c.dom)"/>
    </requirement>
    <requirement namespace="osgi.wiring.package">
      <directive name="filter" value="(osgi.wiring.package=org.xml.sax)"/>
    </requirement>
    <requirement namespace="osgi.wiring.package">
      <directive name="filter" value="(osgi.wiring.package=org.xml.sax.ext)"/>
    </requirement>
    <requirement namespace="osgi.wiring.package">
      <directive name="filter" value="(osgi.wiring.package=org.xml.sax.helpers)"/>
    </requirement>
    <requirement namespace="osgi.ee">
      <directive name="filter" value="(&amp;(osgi.ee=JavaSE)(version=1.4))"/>
    </requirement>
  </resource>
  <resource>
    <capability namespace="osgi.identity">
      <attribute name="osgi.identity" value="com.liferay.portal.search.elasticsearch6.api"/>
      <attribute name="type" value="osgi.bundle"/>
      <attribute name="version" type="Version" value="2.0.6"/>
    </capability>
    <capability namespace="osgi.content">
      <attribute name="osgi.content" value="60df16a946b2deb95cd9cd635ba8226c20d291bd5881253763481561b7178f41"/>
      <attribute name="url" value="com.liferay.portal.search.elasticsearch6.api-2.0.6.jar"/>
      <attribute name="size" type="Long" value="129699"/>
      <attribute name="mime" value="application/vnd.osgi.bundle"/>
    </capability>
    <capability namespace="osgi.wiring.bundle">
      <attribute name="osgi.wiring.bundle" value="com.liferay.portal.search.elasticsearch6.api"/>
      <attribute name="bundle-version" type="Version" value="2.0.6"/>
    </capability>
    <capability namespace="osgi.wiring.host">
      <attribute name="osgi.wiring.host" value="com.liferay.portal.search.elasticsearch6.api"/>
      <attribute name="bundle-version" type="Version" value="2.0.6"/>
    </capability>
    <capability namespace="osgi.wiring.package">
      <attribute name="osgi.wiring.package" value="com.liferay.portal.search.elasticsearch6.configuration"/>
      <attribute name="version" type="Version" value="1.0.1"/>
      <attribute name="bundle-symbolic-name" value="com.liferay.portal.search.elasticsearch6.api"/>
      <attribute name="bundle-version" type="Version" value="2.0.6"/>
      <directive name="uses" value="aQute.bnd.annotation.metatype,com.liferay.portal.configuration.metatype.annotations"/>
    </capability>
    <capability namespace="osgi.wiring.package">
      <attribute name="osgi.wiring.package" value="com.liferay.portal.search.elasticsearch6.constants"/>
      <attribute name="version" type="Version" value="1.0.0"/>
      <attribute name="bundle-symbolic-name" value="com.liferay.portal.search.elasticsearch6.api"/>
      <attribute name="bundle-version" type="Version" value="2.0.6"/>
    </capability>
    <capability namespace="osgi.wiring.package">
      <attribute name="osgi.wiring.package" value="com.liferay.portal.search.elasticsearch6.settings"/>
      <attribute name="version" type="Version" value="1.0.0"/>
      <attribute name="bundle-symbolic-name" value="com.liferay.portal.search.elasticsearch6.api"/>
      <attribute name="bundle-version" type="Version" value="2.0.6"/>
    </capability>
    <capability namespace="liferay.resource.bundle">
      <attribute name="bundle.symbolic.name" value="com.liferay.portal.search.elasticsearch6.api"/>
      <attribute name="resource.bundle.base.name" value="content.Language"/>
    </capability>
    <requirement namespace="osgi.wiring.package">
      <directive name="filter" value="(&amp;(osgi.wiring.package=aQute.bnd.annotation.metatype)(version&gt;=1.45.0)(!(version&gt;=2.0.0)))"/>
    </requirement>
    <requirement namespace="osgi.wiring.package">
      <directive name="filter" value="(&amp;(osgi.wiring.package=com.liferay.portal.configuration.metatype.annotations)(version&gt;=1.1.0)(!(version&gt;=2.0.0)))"/>
    </requirement>
    <requirement namespace="osgi.ee">
      <directive name="filter" value="(&amp;(osgi.ee=JavaSE)(version=1.8))"/>
    </requirement>
  </resource>
  <resource>
    <capability namespace="osgi.identity">
      <attribute name="osgi.identity" value="stax2-api"/>
      <attribute name="type" value="osgi.bundle"/>
      <attribute name="version" type="Version" value="3.1.4"/>
    </capability>
    <capability namespace="osgi.content">
      <attribute name="osgi.content" value="86d7c0b775a7c9b454cc6ba61d40a8eb3b99cc129f832eb9b977a3755b4b338e"/>
      <attribute name="url" value="org.codehaus.stax2-3.1.4.jar"/>
      <attribute name="size" type="Long" value="161867"/>
      <attribute name="mime" value="application/vnd.osgi.bundle"/>
    </capability>
    <capability namespace="osgi.wiring.bundle">
      <attribute name="osgi.wiring.bundle" value="stax2-api"/>
      <attribute name="bundle-version" type="Version" value="3.1.4"/>
    </capability>
    <capability namespace="osgi.wiring.host">
      <attribute name="osgi.wiring.host" value="stax2-api"/>
      <attribute name="bundle-version" type="Version" value="3.1.4"/>
    </capability>
    <capability namespace="osgi.wiring.package">
      <attribute name="osgi.wiring.package" value="org.codehaus.stax2"/>
      <attribute name="version" type="Version" value="3.1.4"/>
      <attribute name="bundle-symbolic-name" value="stax2-api"/>
      <attribute name="bundle-version" type="Version" value="3.1.4"/>
      <directive name="uses" value="org.codehaus.stax2.validation,javax.xml.stream,org.codehaus.stax2.typed,javax.xml.namespace"/>
    </capability>
    <capability namespace="osgi.wiring.package">
      <attribute name="osgi.wiring.package" value="org.codehaus.stax2.evt"/>
      <attribute name="version" type="Version" value="3.1.4"/>
      <attribute name="bundle-symbolic-name" value="stax2-api"/>
      <attribute name="bundle-version" type="Version" value="3.1.4"/>
      <directive name="uses" value="javax.xml.stream.events,org.codehaus.stax2,javax.xml.stream"/>
    </capability>
    <capability namespace="osgi.wiring.package">
      <attribute name="osgi.wiring.package" value="org.codehaus.stax2.io"/>
      <attribute name="version" type="Version" value="3.1.4"/>
      <attribute name="bundle-symbolic-name" value="stax2-api"/>
      <attribute name="bundle-version" type="Version" value="3.1.4"/>
      <directive name="uses" value="javax.xml.transform"/>
    </capability>
    <capability namespace="osgi.wiring.package">
      <attribute name="osgi.wiring.package" value="org.codehaus.stax2.osgi"/>
      <attribute name="version" type="Version" value="3.1.4"/>
      <attribute name="bundle-symbolic-name" value="stax2-api"/>
      <attribute name="bundle-version" type="Version" value="3.1.4"/>
      <directive name="uses" value="org.codehaus.stax2,org.codehaus.stax2.validation"/>
    </capability>
    <capability namespace="osgi.wiring.package">
      <attribute name="osgi.wiring.package" value="org.codehaus.stax2.ri"/>
      <attribute name="version" type="Version" value="3.1.4"/>
      <attribute name="bundle-symbolic-name" value="stax2-api"/>
      <attribute name="bundle-version" type="Version" value="3.1.4"/>
      <directive name="uses" value="javax.xml.namespace,javax.xml.stream,org.codehaus.stax2.ri.evt,org.codehaus.stax2.evt,javax.xml.stream.events,org.codehaus.stax2,javax.xml.stream.util,org.codehaus.stax2.util,org.codehaus.stax2.validation,org.codehaus.stax2.typed,org.codehaus.stax2.ri.typed"/>
    </capability>
    <capability namespace="osgi.wiring.package">
      <attribute name="osgi.wiring.package" value="org.codehaus.stax2.ri.dom"/>
      <attribute name="version" type="Version" value="3.1.4"/>
      <attribute name="bundle-symbolic-name" value="stax2-api"/>
      <attribute name="bundle-version" type="Version" value="3.1.4"/>
      <directive name="uses" value="org.codehaus.stax2,javax.xml.transform.dom,org.codehaus.stax2.ri,org.codehaus.stax2.validation,org.w3c.dom,org.codehaus.stax2.typed,org.codehaus.stax2.ri.typed,javax.xml.namespace,javax.xml.stream"/>
    </capability>
    <capability namespace="osgi.wiring.package">
      <attribute name="osgi.wiring.package" value="org.codehaus.stax2.ri.evt"/>
      <attribute name="version" type="Version" value="3.1.4"/>
      <attribute name="bundle-symbolic-name" value="stax2-api"/>
      <attribute name="bundle-version" type="Version" value="3.1.4"/>
      <directive name="uses" value="org.codehaus.stax2,javax.xml.stream,javax.xml.stream.events,javax.xml.namespace,org.codehaus.stax2.evt,org.codehaus.stax2.ri,javax.xml.stream.util"/>
    </capability>
    <capability namespace="osgi.wiring.package">
      <attribute name="osgi.wiring.package" value="org.codehaus.stax2.ri.typed"/>
      <attribute name="version" type="Version" value="3.1.4"/>
      <attribute name="bundle-symbolic-name" value="stax2-api"/>
      <attribute name="bundle-version" type="Version" value="3.1.4"/>
      <directive name="uses" value="org.codehaus.stax2.ri,org.codehaus.stax2.typed,javax.xml.namespace"/>
    </capability>
    <capability namespace="osgi.wiring.package">
      <attribute name="osgi.wiring.package" value="org.codehaus.stax2.typed"/>
      <attribute name="version" type="Version" value="3.1.4"/>
      <attribute name="bundle-symbolic-name" value="stax2-api"/>
      <attribute name="bundle-version" type="Version" value="3.1.4"/>
      <directive name="uses" value="javax.xml.stream,javax.xml.namespace"/>
    </capability>
    <capability namespace="osgi.wiring.package">
      <attribute name="osgi.wiring.package" value="org.codehaus.stax2.util"/>
      <attribute name="version" type="Version" value="3.1.4"/>
      <attribute name="bundle-symbolic-name" value="stax2-api"/>
      <attribute name="bundle-version" type="Version" value="3.1.4"/>
      <directive name="uses" value="org.codehaus.stax2,javax.xml.stream,javax.xml.stream.util,org.codehaus.stax2.validation,org.codehaus.stax2.typed,javax.xml.namespace"/>
    </capability>
    <capability namespace="osgi.wiring.package">
      <attribute name="osgi.wiring.package" value="org.codehaus.stax2.validation"/>
      <attribute name="version" type="Version" value="3.1.4"/>
      <attribute name="bundle-symbolic-name" value="stax2-api"/>
      <attribute name="bundle-version" type="Version" value="3.1.4"/>
      <directive name="uses" value="javax.xml.stream,javax.xml.namespace"/>
    </capability>
    <requirement namespace="osgi.wiring.package">
      <directive name="filter" value="(osgi.wiring.package=javax.xml.namespace)"/>
    </requirement>
    <requirement namespace="osgi.wiring.package">
      <directive name="filter" value="(osgi.wiring.package=javax.xml.stream)"/>
    </requirement>
    <requirement namespace="osgi.wiring.package">
      <directive name="filter" value="(osgi.wiring.package=javax.xml.stream.events)"/>
    </requirement>
    <requirement namespace="osgi.wiring.package">
      <directive name="filter" value="(osgi.wiring.package=javax.xml.stream.util)"/>
    </requirement>
    <requirement namespace="osgi.wiring.package">
      <directive name="filter" value="(osgi.wiring.package=javax.xml.transform)"/>
    </requirement>
    <requirement namespace="osgi.wiring.package">
      <directive name="filter" value="(osgi.wiring.package=javax.xml.transform.dom)"/>
    </requirement>
    <requirement namespace="osgi.wiring.package">
      <directive name="filter" value="(osgi.wiring.package=org.w3c.dom)"/>
    </requirement>
  </resource>
</repository>