<?xml version="1.0" encoding="utf-8"?>
<?xml-stylesheet href="http://www.osgi.org/www/obr2html.xsl" type="text/xsl"?>
<repository increment="1530607230541" name="Liferay CE Foundation - Liferay CE Apio Architect - API" xmlns="http://www.osgi.org/xmlns/repository/v1.0.0">
  <resource>
    <capability namespace="osgi.identity">
      <attribute name="osgi.identity" value="com.liferay.apio.architect.api"/>
      <attribute name="type" value="osgi.bundle"/>
      <attribute name="version" type="Version" value="1.0.2"/>
    </capability>
    <capability namespace="osgi.content">
      <attribute name="osgi.content" value="4a12fe61f35dbd231ca4cbd2fbd09f09705eb79673242798ed605f7eddb36471"/>
      <attribute name="url" value="com.liferay.apio.architect.api-1.0.2.jar"/>
      <attribute name="size" type="Long" value="113369"/>
      <attribute name="mime" value="application/vnd.osgi.bundle"/>
    </capability>
    <capability namespace="osgi.wiring.bundle">
      <attribute name="osgi.wiring.bundle" value="com.liferay.apio.architect.api"/>
      <attribute name="bundle-version" type="Version" value="1.0.2"/>
    </capability>
    <capability namespace="osgi.wiring.host">
      <attribute name="osgi.wiring.host" value="com.liferay.apio.architect.api"/>
      <attribute name="bundle-version" type="Version" value="1.0.2"/>
    </capability>
    <capability namespace="osgi.wiring.package">
      <attribute name="osgi.wiring.package" value="com.liferay.apio.architect.alias"/>
      <attribute name="version" type="Version" value="1.0.0"/>
      <attribute name="bundle-symbolic-name" value="com.liferay.apio.architect.api"/>
      <attribute name="bundle-version" type="Version" value="1.0.2"/>
      <directive name="uses" value="com.liferay.apio.architect.file,com.liferay.apio.architect.uri,javax.servlet.http"/>
    </capability>
    <capability namespace="osgi.wiring.package">
      <attribute name="osgi.wiring.package" value="com.liferay.apio.architect.alias.form"/>
      <attribute name="version" type="Version" value="1.0.0"/>
      <attribute name="bundle-symbolic-name" value="com.liferay.apio.architect.api"/>
      <attribute name="bundle-version" type="Version" value="1.0.2"/>
      <directive name="uses" value="com.liferay.apio.architect.form"/>
    </capability>
    <capability namespace="osgi.wiring.package">
      <attribute name="osgi.wiring.package" value="com.liferay.apio.architect.alias.representor"/>
      <attribute name="version" type="Version" value="1.0.0"/>
      <attribute name="bundle-symbolic-name" value="com.liferay.apio.architect.api"/>
      <attribute name="bundle-version" type="Version" value="1.0.2"/>
      <directive name="uses" value="com.liferay.apio.architect.representor"/>
    </capability>
    <capability namespace="osgi.wiring.package">
      <attribute name="osgi.wiring.package" value="com.liferay.apio.architect.alias.routes"/>
      <attribute name="version" type="Version" value="1.0.0"/>
      <attribute name="bundle-symbolic-name" value="com.liferay.apio.architect.api"/>
      <attribute name="bundle-version" type="Version" value="1.0.2"/>
      <directive name="uses" value="com.liferay.apio.architect.alias,com.liferay.apio.architect.consumer.throwable,com.liferay.apio.architect.form,com.liferay.apio.architect.functional,com.liferay.apio.architect.pagination,com.liferay.apio.architect.single.model"/>
    </capability>
    <capability namespace="osgi.wiring.package">
      <attribute name="osgi.wiring.package" value="com.liferay.apio.architect.alias.routes.permission"/>
      <attribute name="version" type="Version" value="1.0.0"/>
      <attribute name="bundle-symbolic-name" value="com.liferay.apio.architect.api"/>
      <attribute name="bundle-version" type="Version" value="1.0.2"/>
      <directive name="uses" value="com.liferay.apio.architect.credentials,com.liferay.apio.architect.function.throwable"/>
    </capability>
    <capability namespace="osgi.wiring.package">
      <attribute name="osgi.wiring.package" value="com.liferay.apio.architect.consumer"/>
      <attribute name="version" type="Version" value="1.0.0"/>
      <attribute name="bundle-symbolic-name" value="com.liferay.apio.architect.api"/>
      <attribute name="bundle-version" type="Version" value="1.0.2"/>
    </capability>
    <capability namespace="osgi.wiring.package">
      <attribute name="osgi.wiring.package" value="com.liferay.apio.architect.consumer.throwable"/>
      <attribute name="version" type="Version" value="1.0.0"/>
      <attribute name="bundle-symbolic-name" value="com.liferay.apio.architect.api"/>
      <attribute name="bundle-version" type="Version" value="1.0.2"/>
    </capability>
    <capability namespace="osgi.wiring.package">
      <attribute name="osgi.wiring.package" value="com.liferay.apio.architect.credentials"/>
      <attribute name="version" type="Version" value="1.0.0"/>
      <attribute name="bundle-symbolic-name" value="com.liferay.apio.architect.api"/>
      <attribute name="bundle-version" type="Version" value="1.0.2"/>
    </capability>
    <capability namespace="osgi.wiring.package">
      <attribute name="osgi.wiring.package" value="com.liferay.apio.architect.documentation"/>
      <attribute name="version" type="Version" value="1.0.0"/>
      <attribute name="bundle-symbolic-name" value="com.liferay.apio.architect.api"/>
      <attribute name="bundle-version" type="Version" value="1.0.2"/>
    </capability>
    <capability namespace="osgi.wiring.package">
      <attribute name="osgi.wiring.package" value="com.liferay.apio.architect.error"/>
      <attribute name="version" type="Version" value="1.0.0"/>
      <attribute name="bundle-symbolic-name" value="com.liferay.apio.architect.api"/>
      <attribute name="bundle-version" type="Version" value="1.0.2"/>
    </capability>
    <capability namespace="osgi.wiring.package">
      <attribute name="osgi.wiring.package" value="com.liferay.apio.architect.exception"/>
      <attribute name="version" type="Version" value="1.0.0"/>
      <attribute name="bundle-symbolic-name" value="com.liferay.apio.architect.api"/>
      <attribute name="bundle-version" type="Version" value="1.0.2"/>
    </capability>
    <capability namespace="osgi.wiring.package">
      <attribute name="osgi.wiring.package" value="com.liferay.apio.architect.exception.mapper"/>
      <attribute name="version" type="Version" value="1.0.0"/>
      <attribute name="bundle-symbolic-name" value="com.liferay.apio.architect.api"/>
      <attribute name="bundle-version" type="Version" value="1.0.2"/>
      <directive name="uses" value="com.liferay.apio.architect.error"/>
    </capability>
    <capability namespace="osgi.wiring.package">
      <attribute name="osgi.wiring.package" value="com.liferay.apio.architect.file"/>
      <attribute name="version" type="Version" value="1.0.0"/>
      <attribute name="bundle-symbolic-name" value="com.liferay.apio.architect.api"/>
      <attribute name="bundle-version" type="Version" value="1.0.2"/>
    </capability>
    <capability namespace="osgi.wiring.package">
      <attribute name="osgi.wiring.package" value="com.liferay.apio.architect.form"/>
      <attribute name="version" type="Version" value="1.0.0"/>
      <attribute name="bundle-symbolic-name" value="com.liferay.apio.architect.api"/>
      <attribute name="bundle-version" type="Version" value="1.0.2"/>
      <directive name="uses" value="com.liferay.apio.architect.file,com.liferay.apio.architect.identifier,com.liferay.apio.architect.language"/>
    </capability>
    <capability namespace="osgi.wiring.package">
      <attribute name="osgi.wiring.package" value="com.liferay.apio.architect.function"/>
      <attribute name="version" type="Version" value="1.0.0"/>
      <attribute name="bundle-symbolic-name" value="com.liferay.apio.architect.api"/>
      <attribute name="bundle-version" type="Version" value="1.0.2"/>
    </capability>
    <capability namespace="osgi.wiring.package">
      <attribute name="osgi.wiring.package" value="com.liferay.apio.architect.function.throwable"/>
      <attribute name="version" type="Version" value="1.0.0"/>
      <attribute name="bundle-symbolic-name" value="com.liferay.apio.architect.api"/>
      <attribute name="bundle-version" type="Version" value="1.0.2"/>
    </capability>
    <capability namespace="osgi.wiring.package">
      <attribute name="osgi.wiring.package" value="com.liferay.apio.architect.functional"/>
      <attribute name="version" type="Version" value="1.0.0"/>
      <attribute name="bundle-symbolic-name" value="com.liferay.apio.architect.api"/>
      <attribute name="bundle-version" type="Version" value="1.0.2"/>
      <directive name="uses" value="com.liferay.apio.architect.consumer.throwable,com.liferay.apio.architect.function.throwable,com.liferay.apio.architect.supplier"/>
    </capability>
    <capability namespace="osgi.wiring.package">
      <attribute name="osgi.wiring.package" value="com.liferay.apio.architect.identifier"/>
      <attribute name="version" type="Version" value="1.0.0"/>
      <attribute name="bundle-symbolic-name" value="com.liferay.apio.architect.api"/>
      <attribute name="bundle-version" type="Version" value="1.0.2"/>
    </capability>
    <capability namespace="osgi.wiring.package">
      <attribute name="osgi.wiring.package" value="com.liferay.apio.architect.language"/>
      <attribute name="version" type="Version" value="1.0.0"/>
      <attribute name="bundle-symbolic-name" value="com.liferay.apio.architect.api"/>
      <attribute name="bundle-version" type="Version" value="1.0.2"/>
    </capability>
    <capability namespace="osgi.wiring.package">
      <attribute name="osgi.wiring.package" value="com.liferay.apio.architect.logger"/>
      <attribute name="version" type="Version" value="1.0.0"/>
      <attribute name="bundle-symbolic-name" value="com.liferay.apio.architect.api"/>
      <attribute name="bundle-version" type="Version" value="1.0.2"/>
      <directive name="uses" value="com.liferay.apio.architect.error"/>
    </capability>
    <capability namespace="osgi.wiring.package">
      <attribute name="osgi.wiring.package" value="com.liferay.apio.architect.operation"/>
      <attribute name="version" type="Version" value="1.0.0"/>
      <attribute name="bundle-symbolic-name" value="com.liferay.apio.architect.api"/>
      <attribute name="bundle-version" type="Version" value="1.0.2"/>
      <directive name="uses" value="com.liferay.apio.architect.form"/>
    </capability>
    <capability namespace="osgi.wiring.package">
      <attribute name="osgi.wiring.package" value="com.liferay.apio.architect.pagination"/>
      <attribute name="version" type="Version" value="1.0.0"/>
      <attribute name="bundle-symbolic-name" value="com.liferay.apio.architect.api"/>
      <attribute name="bundle-version" type="Version" value="1.0.2"/>
      <directive name="uses" value="com.liferay.apio.architect.operation,com.liferay.apio.architect.uri"/>
    </capability>
    <capability namespace="osgi.wiring.package">
      <attribute name="osgi.wiring.package" value="com.liferay.apio.architect.provider"/>
      <attribute name="version" type="Version" value="1.0.0"/>
      <attribute name="bundle-symbolic-name" value="com.liferay.apio.architect.api"/>
      <attribute name="bundle-version" type="Version" value="1.0.2"/>
      <directive name="uses" value="javax.servlet.http"/>
    </capability>
    <capability namespace="osgi.wiring.package">
      <attribute name="osgi.wiring.package" value="com.liferay.apio.architect.related"/>
      <attribute name="version" type="Version" value="1.0.0"/>
      <attribute name="bundle-symbolic-name" value="com.liferay.apio.architect.api"/>
      <attribute name="bundle-version" type="Version" value="1.0.2"/>
      <directive name="uses" value="com.liferay.apio.architect.identifier"/>
    </capability>
    <capability namespace="osgi.wiring.package">
      <attribute name="osgi.wiring.package" value="com.liferay.apio.architect.representor"/>
      <attribute name="version" type="Version" value="1.0.0"/>
      <attribute name="bundle-symbolic-name" value="com.liferay.apio.architect.api"/>
      <attribute name="bundle-version" type="Version" value="1.0.2"/>
      <directive name="uses" value="com.liferay.apio.architect.alias,com.liferay.apio.architect.alias.representor,com.liferay.apio.architect.file,com.liferay.apio.architect.identifier,com.liferay.apio.architect.language,com.liferay.apio.architect.related"/>
    </capability>
    <capability namespace="osgi.wiring.package">
      <attribute name="osgi.wiring.package" value="com.liferay.apio.architect.resource"/>
      <attribute name="version" type="Version" value="1.0.0"/>
      <attribute name="bundle-symbolic-name" value="com.liferay.apio.architect.api"/>
      <attribute name="bundle-version" type="Version" value="1.0.2"/>
      <directive name="uses" value="com.liferay.apio.architect.identifier,com.liferay.apio.architect.representor,com.liferay.apio.architect.router"/>
    </capability>
    <capability namespace="osgi.wiring.package">
      <attribute name="osgi.wiring.package" value="com.liferay.apio.architect.router"/>
      <attribute name="version" type="Version" value="1.0.0"/>
      <attribute name="bundle-symbolic-name" value="com.liferay.apio.architect.api"/>
      <attribute name="bundle-version" type="Version" value="1.0.2"/>
      <directive name="uses" value="com.liferay.apio.architect.identifier,com.liferay.apio.architect.routes"/>
    </capability>
    <capability namespace="osgi.wiring.package">
      <attribute name="osgi.wiring.package" value="com.liferay.apio.architect.routes"/>
      <attribute name="version" type="Version" value="1.0.0"/>
      <attribute name="bundle-symbolic-name" value="com.liferay.apio.architect.api"/>
      <attribute name="bundle-version" type="Version" value="1.0.2"/>
      <directive name="uses" value="com.liferay.apio.architect.alias.form,com.liferay.apio.architect.alias.routes,com.liferay.apio.architect.alias.routes.permission,com.liferay.apio.architect.consumer.throwable,com.liferay.apio.architect.form,com.liferay.apio.architect.function.throwable,com.liferay.apio.architect.pagination"/>
    </capability>
    <capability namespace="osgi.wiring.package">
      <attribute name="osgi.wiring.package" value="com.liferay.apio.architect.single.model"/>
      <attribute name="version" type="Version" value="1.0.0"/>
      <attribute name="bundle-symbolic-name" value="com.liferay.apio.architect.api"/>
      <attribute name="bundle-version" type="Version" value="1.0.2"/>
      <directive name="uses" value="com.liferay.apio.architect.operation"/>
    </capability>
    <capability namespace="osgi.wiring.package">
      <attribute name="osgi.wiring.package" value="com.liferay.apio.architect.supplier"/>
      <attribute name="version" type="Version" value="1.0.0"/>
      <attribute name="bundle-symbolic-name" value="com.liferay.apio.architect.api"/>
      <attribute name="bundle-version" type="Version" value="1.0.2"/>
    </capability>
    <capability namespace="osgi.wiring.package">
      <attribute name="osgi.wiring.package" value="com.liferay.apio.architect.uri"/>
      <attribute name="version" type="Version" value="1.0.0"/>
      <attribute name="bundle-symbolic-name" value="com.liferay.apio.architect.api"/>
      <attribute name="bundle-version" type="Version" value="1.0.2"/>
    </capability>
    <capability namespace="osgi.wiring.package">
      <attribute name="osgi.wiring.package" value="com.liferay.apio.architect.uri.mapper"/>
      <attribute name="version" type="Version" value="1.0.0"/>
      <attribute name="bundle-symbolic-name" value="com.liferay.apio.architect.api"/>
      <attribute name="bundle-version" type="Version" value="1.0.2"/>
      <directive name="uses" value="com.liferay.apio.architect.uri"/>
    </capability>
    <requirement namespace="osgi.wiring.package">
      <directive name="filter" value="(&amp;(osgi.wiring.package=com.liferay.apio.architect.alias)(version&gt;=1.0.0)(!(version&gt;=2.0.0)))"/>
    </requirement>
    <requirement namespace="osgi.wiring.package">
      <directive name="filter" value="(&amp;(osgi.wiring.package=com.liferay.apio.architect.alias.form)(version&gt;=1.0.0)(!(version&gt;=2.0.0)))"/>
    </requirement>
    <requirement namespace="osgi.wiring.package">
      <directive name="filter" value="(&amp;(osgi.wiring.package=com.liferay.apio.architect.alias.representor)(version&gt;=1.0.0)(!(version&gt;=2.0.0)))"/>
    </requirement>
    <requirement namespace="osgi.wiring.package">
      <directive name="filter" value="(&amp;(osgi.wiring.package=com.liferay.apio.architect.alias.routes)(version&gt;=1.0.0)(!(version&gt;=2.0.0)))"/>
    </requirement>
    <requirement namespace="osgi.wiring.package">
      <directive name="filter" value="(&amp;(osgi.wiring.package=com.liferay.apio.architect.alias.routes.permission)(version&gt;=1.0.0)(!(version&gt;=2.0.0)))"/>
    </requirement>
    <requirement namespace="osgi.wiring.package">
      <directive name="filter" value="(&amp;(osgi.wiring.package=com.liferay.apio.architect.consumer.throwable)(version&gt;=1.0.0)(!(version&gt;=2.0.0)))"/>
    </requirement>
    <requirement namespace="osgi.wiring.package">
      <directive name="filter" value="(&amp;(osgi.wiring.package=com.liferay.apio.architect.credentials)(version&gt;=1.0.0)(!(version&gt;=2.0.0)))"/>
    </requirement>
    <requirement namespace="osgi.wiring.package">
      <directive name="filter" value="(&amp;(osgi.wiring.package=com.liferay.apio.architect.error)(version&gt;=1.0.0)(!(version&gt;=2.0.0)))"/>
    </requirement>
    <requirement namespace="osgi.wiring.package">
      <directive name="filter" value="(&amp;(osgi.wiring.package=com.liferay.apio.architect.exception)(version&gt;=1.0.0)(!(version&gt;=2.0.0)))"/>
    </requirement>
    <requirement namespace="osgi.wiring.package">
      <directive name="filter" value="(&amp;(osgi.wiring.package=com.liferay.apio.architect.file)(version&gt;=1.0.0)(!(version&gt;=2.0.0)))"/>
    </requirement>
    <requirement namespace="osgi.wiring.package">
      <directive name="filter" value="(&amp;(osgi.wiring.package=com.liferay.apio.architect.form)(version&gt;=1.0.0)(!(version&gt;=1.1.0)))"/>
    </requirement>
    <requirement namespace="osgi.wiring.package">
      <directive name="filter" value="(&amp;(osgi.wiring.package=com.liferay.apio.architect.function.throwable)(version&gt;=1.0.0)(!(version&gt;=2.0.0)))"/>
    </requirement>
    <requirement namespace="osgi.wiring.package">
      <directive name="filter" value="(&amp;(osgi.wiring.package=com.liferay.apio.architect.functional)(version&gt;=1.0.0)(!(version&gt;=2.0.0)))"/>
    </requirement>
    <requirement namespace="osgi.wiring.package">
      <directive name="filter" value="(&amp;(osgi.wiring.package=com.liferay.apio.architect.identifier)(version&gt;=1.0.0)(!(version&gt;=2.0.0)))"/>
    </requirement>
    <requirement namespace="osgi.wiring.package">
      <directive name="filter" value="(&amp;(osgi.wiring.package=com.liferay.apio.architect.language)(version&gt;=1.0.0)(!(version&gt;=2.0.0)))"/>
    </requirement>
    <requirement namespace="osgi.wiring.package">
      <directive name="filter" value="(&amp;(osgi.wiring.package=com.liferay.apio.architect.operation)(version&gt;=1.0.0)(!(version&gt;=2.0.0)))"/>
    </requirement>
    <requirement namespace="osgi.wiring.package">
      <directive name="filter" value="(&amp;(osgi.wiring.package=com.liferay.apio.architect.pagination)(version&gt;=1.0.0)(!(version&gt;=2.0.0)))"/>
    </requirement>
    <requirement namespace="osgi.wiring.package">
      <directive name="filter" value="(&amp;(osgi.wiring.package=com.liferay.apio.architect.related)(version&gt;=1.0.0)(!(version&gt;=2.0.0)))"/>
    </requirement>
    <requirement namespace="osgi.wiring.package">
      <directive name="filter" value="(&amp;(osgi.wiring.package=com.liferay.apio.architect.representor)(version&gt;=1.0.0)(!(version&gt;=1.1.0)))"/>
    </requirement>
    <requirement namespace="osgi.wiring.package">
      <directive name="filter" value="(&amp;(osgi.wiring.package=com.liferay.apio.architect.router)(version&gt;=1.0.0)(!(version&gt;=2.0.0)))"/>
    </requirement>
    <requirement namespace="osgi.wiring.package">
      <directive name="filter" value="(&amp;(osgi.wiring.package=com.liferay.apio.architect.routes)(version&gt;=1.0.0)(!(version&gt;=2.0.0)))"/>
    </requirement>
    <requirement namespace="osgi.wiring.package">
      <directive name="filter" value="(&amp;(osgi.wiring.package=com.liferay.apio.architect.single.model)(version&gt;=1.0.0)(!(version&gt;=2.0.0)))"/>
    </requirement>
    <requirement namespace="osgi.wiring.package">
      <directive name="filter" value="(&amp;(osgi.wiring.package=com.liferay.apio.architect.supplier)(version&gt;=1.0.0)(!(version&gt;=2.0.0)))"/>
    </requirement>
    <requirement namespace="osgi.wiring.package">
      <directive name="filter" value="(&amp;(osgi.wiring.package=com.liferay.apio.architect.uri)(version&gt;=1.0.0)(!(version&gt;=2.0.0)))"/>
    </requirement>
    <requirement namespace="osgi.wiring.package">
      <directive name="filter" value="(&amp;(osgi.wiring.package=javax.servlet.http)(version&gt;=3.0.0)(!(version&gt;=4.0.0)))"/>
    </requirement>
    <requirement namespace="osgi.ee">
      <directive name="filter" value="(&amp;(osgi.ee=JavaSE)(version=1.8))"/>
    </requirement>
  </resource>
</repository>